"UserName","LogonTime","NodeID","PoolID"
"test4","1/5/2024 2:25:32 PM","Pool1-0002.ChrisLab.local","Pool1"
"test3","1/5/2024 1:55:27 PM","Pool1-0004.ChrisLab.local","Pool1"
"test2","1/5/2024 1:25:24 PM","Pool1-0002.ChrisLab.local","Pool1"
"test5","1/5/2024 12:55:26 PM","Pool1-0004.ChrisLab.local","Pool1"
"test1","1/5/2024 12:25:23 PM","Pool1-0001.ChrisLab.local","Pool1"
"test4","1/5/2024 11:56:22 AM","Pool1-0004.ChrisLab.local","Pool1"
"test3","1/5/2024 11:25:22 AM","Pool1-0004.ChrisLab.local","Pool1"
"test2","1/5/2024 10:55:21 AM","Pool1-0003.ChrisLab.local","Pool1"
"test5","1/5/2024 10:25:20 AM","Pool1-0005.ChrisLab.local","Pool1"
"test1","1/5/2024 9:55:20 AM","Pool1-0001.ChrisLab.local","Pool1"
"test4","1/5/2024 9:26:17 AM","Pool1-0002.ChrisLab.local","Pool1"
"test3","1/5/2024 8:55:19 AM","Pool1-0002.ChrisLab.local","Pool1"
"chris","1/5/2024 8:45:55 AM","AppOnD-01.ChrisLab.local",""
"test2","1/5/2024 8:25:19 AM","Pool1-0001.ChrisLab.local","Pool1"
"test5","1/5/2024 7:55:17 AM","Pool1-0004.ChrisLab.local","Pool1"
"test1","1/5/2024 7:26:16 AM","Pool1-0002.ChrisLab.local","Pool1"
"test4","1/5/2024 6:55:19 AM","Pool1-0002.ChrisLab.local","Pool1"
"test3","1/5/2024 6:25:16 AM","Pool1-0003.ChrisLab.local","Pool1"
"test2","1/5/2024 5:55:16 AM","Pool1-0002.ChrisLab.local","Pool1"
"test5","1/5/2024 5:26:38 AM","Pool1-0005.ChrisLab.local","Pool1"
"test1","1/5/2024 4:55:14 AM","Pool1-0005.ChrisLab.local","Pool1"
"test4","1/5/2024 4:25:14 AM","Pool1-0003.ChrisLab.local","Pool1"
"test3","1/5/2024 3:55:16 AM","Pool1-0001.ChrisLab.local","Pool1"
"test2","1/5/2024 3:25:15 AM","Pool1-0004.ChrisLab.local","Pool1"
"test5","1/5/2024 2:56:33 AM","Pool1-0001.ChrisLab.local","Pool1"
"test1","1/5/2024 2:25:11 AM","Pool1-0001.ChrisLab.local","Pool1"
"test4","1/5/2024 1:55:11 AM","Pool1-0003.ChrisLab.local","Pool1"
"test3","1/5/2024 1:26:30 AM","Pool1-0004.ChrisLab.local","Pool1"
"test2","1/5/2024 12:55:12 AM","Pool1-0004.ChrisLab.local","Pool1"
"test5","1/5/2024 12:25:09 AM","Pool1-0005.ChrisLab.local","Pool1"
"test1","1/4/2024 11:56:03 PM","Pool1-0004.ChrisLab.local","Pool1"
"test4","1/4/2024 11:25:06 PM","Pool1-0004.ChrisLab.local","Pool1"
"test3","1/4/2024 10:55:11 PM","Pool1-0003.ChrisLab.local","Pool1"
"test2","1/4/2024 10:26:24 PM","Pool1-0001.ChrisLab.local","Pool1"
"test5","1/4/2024 9:55:07 PM","Pool1-0001.ChrisLab.local","Pool1"
"test1","1/4/2024 9:25:06 PM","Pool1-0005.ChrisLab.local","Pool1"
"test4","1/4/2024 8:56:00 PM","Pool1-0003.ChrisLab.local","Pool1"
"test3","1/4/2024 8:26:21 PM","Pool1-0003.ChrisLab.local","Pool1"
"test2","1/4/2024 7:55:03 PM","Pool1-0003.ChrisLab.local","Pool1"
"test5","1/4/2024 7:26:20 PM","Pool1-0005.ChrisLab.local","Pool1"
"test1","1/4/2024 6:55:02 PM","Pool1-0005.ChrisLab.local","Pool1"
"test4","1/4/2024 6:25:01 PM","Pool1-0003.ChrisLab.local","Pool1"
"test3","1/4/2024 5:55:01 PM","Pool1-0002.ChrisLab.local","Pool1"
"test2","1/4/2024 5:25:03 PM","Pool1-0001.ChrisLab.local","Pool1"
"test5","1/4/2024 4:54:59 PM","Pool1-0003.ChrisLab.local","Pool1"
"test1","1/4/2024 4:24:56 PM","Pool1-0001.ChrisLab.local","Pool1"
"test4","1/4/2024 3:54:57 PM","Pool1-0005.ChrisLab.local","Pool1"
"test3","1/4/2024 3:26:11 PM","Pool1-0003.ChrisLab.local","Pool1"
"test2","1/4/2024 2:54:55 PM","Pool1-0003.ChrisLab.local","Pool1"
"test5","1/4/2024 2:24:59 PM","Pool1-0002.ChrisLab.local","Pool1"
"test1","1/4/2024 1:54:55 PM","Pool1-0004.ChrisLab.local","Pool1"
"test4","1/4/2024 1:24:57 PM","Pool1-0005.ChrisLab.local","Pool1"
"test3","1/4/2024 12:54:55 PM","Pool1-0002.ChrisLab.local","Pool1"
"test2","1/4/2024 12:24:52 PM","Pool1-0003.ChrisLab.local","Pool1"
"test5","1/4/2024 11:54:51 AM","Pool1-0002.ChrisLab.local","Pool1"
"test1","1/4/2024 11:25:44 AM","Pool1-0004.ChrisLab.local","Pool1"
"test4","1/4/2024 10:55:41 AM","Pool1-0004.ChrisLab.local","Pool1"
"test3","1/4/2024 10:24:48 AM","Pool1-0004.ChrisLab.local","Pool1"
"test2","1/4/2024 9:54:48 AM","Pool1-0002.ChrisLab.local","Pool1"
"test5","1/4/2024 9:24:47 AM","Pool1-0003.ChrisLab.local","Pool1"
"test1","1/4/2024 8:54:46 AM","Pool1-0004.ChrisLab.local","Pool1"
"test4","1/4/2024 8:25:38 AM","Pool1-0002.ChrisLab.local","Pool1"
"test3","1/4/2024 7:55:57 AM","Pool1-0002.ChrisLab.local","Pool1"
"test2","1/4/2024 7:24:44 AM","Pool1-0002.ChrisLab.local","Pool1"
"test5","1/4/2024 6:54:44 AM","Pool1-0003.ChrisLab.local","Pool1"
"test1","1/4/2024 6:25:33 AM","Pool1-0005.ChrisLab.local","Pool1"
"test4","1/4/2024 5:54:43 AM","Pool1-0005.ChrisLab.local","Pool1"
"test3","1/4/2024 5:24:42 AM","Pool1-0001.ChrisLab.local","Pool1"
"test2","1/4/2024 4:55:53 AM","Pool1-0004.ChrisLab.local","Pool1"
"test5","1/4/2024 4:24:41 AM","Pool1-0004.ChrisLab.local","Pool1"
"test1","1/4/2024 3:54:40 AM","Pool1-0001.ChrisLab.local","Pool1"
"test4","1/4/2024 3:24:38 AM","Pool1-0002.ChrisLab.local","Pool1"
"test3","1/4/2024 2:54:39 AM","Pool1-0004.ChrisLab.local","Pool1"
"test2","1/4/2024 2:24:37 AM","Pool1-0003.ChrisLab.local","Pool1"
"test5","1/4/2024 1:55:48 AM","Pool1-0005.ChrisLab.local","Pool1"
"test1","1/4/2024 1:24:35 AM","Pool1-0005.ChrisLab.local","Pool1"
"test4","1/4/2024 12:54:34 AM","Pool1-0001.ChrisLab.local","Pool1"
"test3","1/4/2024 12:25:43 AM","Pool1-0004.ChrisLab.local","Pool1"
"test2","1/3/2024 11:54:34 PM","Pool1-0004.ChrisLab.local","Pool1"
"test5","1/3/2024 11:25:42 PM","Pool1-0005.ChrisLab.local","Pool1"
"test1","1/3/2024 10:54:31 PM","Pool1-0005.ChrisLab.local","Pool1"
"test4","1/3/2024 10:24:32 PM","Pool1-0002.ChrisLab.local","Pool1"
"test3","1/3/2024 9:54:31 PM","Pool1-0001.ChrisLab.local","Pool1"
"test2","1/3/2024 9:25:38 PM","Pool1-0004.ChrisLab.local","Pool1"
"test5","1/3/2024 8:54:30 PM","Pool1-0004.ChrisLab.local","Pool1"
"test1","1/3/2024 8:25:13 PM","Pool1-0001.ChrisLab.local","Pool1"
"test4","1/3/2024 7:54:28 PM","Pool1-0001.ChrisLab.local","Pool1"
"test3","1/3/2024 7:24:31 PM","Pool1-0004.ChrisLab.local","Pool1"
"test2","1/3/2024 6:54:27 PM","Pool1-0003.ChrisLab.local","Pool1"
"test5","1/3/2024 6:24:27 PM","Pool1-0004.ChrisLab.local","Pool1"
"test1","1/3/2024 5:54:26 PM","Pool1-0001.ChrisLab.local","Pool1"
"test4","1/3/2024 5:25:09 PM","Pool1-0002.ChrisLab.local","Pool1"
"test3","1/3/2024 4:54:25 PM","Pool1-0002.ChrisLab.local","Pool1"
"test2","1/3/2024 4:25:30 PM","Pool1-0004.ChrisLab.local","Pool1"
"test5","1/3/2024 3:54:23 PM","Pool1-0004.ChrisLab.local","Pool1"
"test1","1/3/2024 3:24:22 PM","Pool1-0003.ChrisLab.local","Pool1"
"test4","1/3/2024 2:55:11 PM","Pool1-0002.ChrisLab.local","Pool1"
"test3","1/3/2024 2:25:29 PM","Pool1-0002.ChrisLab.local","Pool1"
"test2","1/3/2024 1:54:20 PM","Pool1-0002.ChrisLab.local","Pool1"
"test5","1/3/2024 1:24:20 PM","Pool1-0003.ChrisLab.local","Pool1"
"test1","1/3/2024 12:55:03 PM","Pool1-0001.ChrisLab.local","Pool1"
"test4","1/3/2024 12:24:20 PM","Pool1-0001.ChrisLab.local","Pool1"
"test3","1/3/2024 11:54:18 AM","Pool1-0002.ChrisLab.local","Pool1"
"test2","1/3/2024 11:24:17 AM","Pool1-0001.ChrisLab.local","Pool1"
"test5","1/3/2024 10:54:16 AM","Pool1-0004.ChrisLab.local","Pool1"
"test1","1/3/2024 10:24:15 AM","Pool1-0003.ChrisLab.local","Pool1"
"test4","1/3/2024 9:54:14 AM","Pool1-0004.ChrisLab.local","Pool1"
"test3","1/3/2024 9:24:13 AM","Pool1-0003.ChrisLab.local","Pool1"
"test2","1/3/2024 8:54:12 AM","Pool1-0005.ChrisLab.local","Pool1"
"test5","1/3/2024 8:24:12 AM","Pool1-0002.ChrisLab.local","Pool1"
"test1","1/3/2024 7:54:12 AM","Pool1-0003.ChrisLab.local","Pool1"
"test4","1/3/2024 7:24:55 AM","Pool1-0002.ChrisLab.local","Pool1"
"test3","1/3/2024 6:54:10 AM","Pool1-0002.ChrisLab.local","Pool1"
"test2","1/3/2024 6:24:10 AM","Pool1-0001.ChrisLab.local","Pool1"
"test5","1/3/2024 5:54:09 AM","Pool1-0005.ChrisLab.local","Pool1"
"test1","1/3/2024 5:24:48 AM","Pool1-0001.ChrisLab.local","Pool1"
"test4","1/3/2024 4:54:08 AM","Pool1-0001.ChrisLab.local","Pool1"
"test3","1/3/2024 4:24:07 AM","Pool1-0003.ChrisLab.local","Pool1"
"test2","1/3/2024 3:54:07 AM","Pool1-0001.ChrisLab.local","Pool1"
"test5","1/3/2024 3:24:05 AM","Pool1-0003.ChrisLab.local","Pool1"
"test1","1/3/2024 2:54:05 AM","Pool1-0004.ChrisLab.local","Pool1"
"test4","1/3/2024 2:24:05 AM","Pool1-0005.ChrisLab.local","Pool1"
"test3","1/3/2024 1:54:04 AM","Pool1-0001.ChrisLab.local","Pool1"
"test2","1/3/2024 1:25:05 AM","Pool1-0003.ChrisLab.local","Pool1"
"test5","1/3/2024 12:54:03 AM","Pool1-0003.ChrisLab.local","Pool1"
"test1","1/3/2024 12:24:02 AM","Pool1-0005.ChrisLab.local","Pool1"
"test4","1/2/2024 11:54:01 PM","Pool1-0002.ChrisLab.local","Pool1"
"test3","1/2/2024 11:24:01 PM","Pool1-0004.ChrisLab.local","Pool1"
"test2","1/2/2024 10:54:00 PM","Pool1-0003.ChrisLab.local","Pool1"
"test5","1/2/2024 10:24:00 PM","Pool1-0004.ChrisLab.local","Pool1"
"test1","1/2/2024 9:54:00 PM","Pool1-0005.ChrisLab.local","Pool1"
"test4","1/2/2024 9:23:58 PM","Pool1-0001.ChrisLab.local","Pool1"
"test3","1/2/2024 8:53:58 PM","Pool1-0003.ChrisLab.local","Pool1"
"test2","1/2/2024 8:23:57 PM","Pool1-0004.ChrisLab.local","Pool1"
"test5","1/2/2024 7:53:58 PM","Pool1-0005.ChrisLab.local","Pool1"
"test1","1/2/2024 7:23:57 PM","Pool1-0002.ChrisLab.local","Pool1"
"test4","1/2/2024 6:54:35 PM","Pool1-0003.ChrisLab.local","Pool1"
"test3","1/2/2024 6:24:51 PM","Pool1-0003.ChrisLab.local","Pool1"
"test2","1/2/2024 5:53:55 PM","Pool1-0003.ChrisLab.local","Pool1"
"test5","1/2/2024 5:23:55 PM","Pool1-0004.ChrisLab.local","Pool1"
"test1","1/2/2024 4:53:53 PM","Pool1-0005.ChrisLab.local","Pool1"
"test4","1/2/2024 4:23:51 PM","Pool1-0002.ChrisLab.local","Pool1"
"test3","1/2/2024 3:53:52 PM","Pool1-0003.ChrisLab.local","Pool1"
"test2","1/2/2024 3:24:50 PM","Pool1-0004.ChrisLab.local","Pool1"
"test5","1/2/2024 2:53:51 PM","Pool1-0004.ChrisLab.local","Pool1"
"test1","1/2/2024 2:23:54 PM","Pool1-0005.ChrisLab.local","Pool1"
"test4","1/2/2024 1:54:29 PM","Pool1-0003.ChrisLab.local","Pool1"
"test3","1/2/2024 1:23:50 PM","Pool1-0003.ChrisLab.local","Pool1"
"test2","1/2/2024 12:53:47 PM","Pool1-0004.ChrisLab.local","Pool1"
"test5","1/2/2024 12:24:45 PM","Pool1-0005.ChrisLab.local","Pool1"
"test1","1/2/2024 11:53:47 AM","Pool1-0005.ChrisLab.local","Pool1"
"test4","1/2/2024 11:23:46 AM","Pool1-0001.ChrisLab.local","Pool1"
"test3","1/2/2024 10:54:41 AM","Pool1-0003.ChrisLab.local","Pool1"
"test2","1/2/2024 10:23:44 AM","Pool1-0003.ChrisLab.local","Pool1"
"test5","1/2/2024 9:54:41 AM","Pool1-0005.ChrisLab.local","Pool1"
"test1","1/2/2024 9:23:43 AM","Pool1-0005.ChrisLab.local","Pool1"
"test4","1/2/2024 8:54:18 AM","Pool1-0003.ChrisLab.local","Pool1"
"test3","1/2/2024 8:23:42 AM","Pool1-0003.ChrisLab.local","Pool1"
"test2","1/2/2024 7:53:42 AM","Pool1-0004.ChrisLab.local","Pool1"
"test5","1/2/2024 7:23:41 AM","Pool1-0001.ChrisLab.local","Pool1"
"test1","1/2/2024 6:53:41 AM","Pool1-0002.ChrisLab.local","Pool1"
"test4","1/2/2024 6:23:40 AM","Pool1-0004.ChrisLab.local","Pool1"
"test3","1/2/2024 5:53:39 AM","Pool1-0001.ChrisLab.local","Pool1"
"test2","1/2/2024 5:23:39 AM","Pool1-0003.ChrisLab.local","Pool1"
"test5","1/2/2024 4:53:38 AM","Pool1-0004.ChrisLab.local","Pool1"
"test1","1/2/2024 4:23:38 AM","Pool1-0003.ChrisLab.local","Pool1"
"test4","1/2/2024 3:53:38 AM","Pool1-0005.ChrisLab.local","Pool1"
"test3","1/2/2024 3:23:37 AM","Pool1-0001.ChrisLab.local","Pool1"
"test2","1/2/2024 2:53:36 AM","Pool1-0003.ChrisLab.local","Pool1"
"test5","1/2/2024 2:23:35 AM","Pool1-0004.ChrisLab.local","Pool1"
"test1","1/2/2024 1:53:35 AM","Pool1-0005.ChrisLab.local","Pool1"
"test4","1/2/2024 1:24:12 AM","Pool1-0001.ChrisLab.local","Pool1"
"test3","1/2/2024 12:54:32 AM","Pool1-0001.ChrisLab.local","Pool1"
"test2","1/2/2024 12:24:27 AM","Pool1-0001.ChrisLab.local","Pool1"
"test5","1/1/2024 11:53:33 PM","Pool1-0001.ChrisLab.local","Pool1"
"test1","1/1/2024 11:23:32 PM","Pool1-0003.ChrisLab.local","Pool1"
"test4","1/1/2024 10:53:31 PM","Pool1-0002.ChrisLab.local","Pool1"
"test3","1/1/2024 10:23:32 PM","Pool1-0003.ChrisLab.local","Pool1"
"test2","1/1/2024 9:53:31 PM","Pool1-0005.ChrisLab.local","Pool1"
"test5","1/1/2024 9:23:29 PM","Pool1-0003.ChrisLab.local","Pool1"
"test1","1/1/2024 8:53:29 PM","Pool1-0002.ChrisLab.local","Pool1"
"test4","1/1/2024 8:24:01 PM","Pool1-0001.ChrisLab.local","Pool1"
"test3","1/1/2024 7:54:20 PM","Pool1-0001.ChrisLab.local","Pool1"
"test2","1/1/2024 7:23:29 PM","Pool1-0001.ChrisLab.local","Pool1"
"test5","1/1/2024 6:53:27 PM","Pool1-0003.ChrisLab.local","Pool1"
"test1","1/1/2024 6:23:26 PM","Pool1-0004.ChrisLab.local","Pool1"
"test4","1/1/2024 5:53:26 PM","Pool1-0003.ChrisLab.local","Pool1"
"test3","1/1/2024 5:23:25 PM","Pool1-0001.ChrisLab.local","Pool1"
"test2","1/1/2024 4:53:24 PM","Pool1-0005.ChrisLab.local","Pool1"
"test5","1/1/2024 4:23:23 PM","Pool1-0004.ChrisLab.local","Pool1"
"test1","1/1/2024 3:53:56 PM","Pool1-0002.ChrisLab.local","Pool1"
"test4","1/1/2024 3:23:55 PM","Pool1-0002.ChrisLab.local","Pool1"
"test3","1/1/2024 2:53:22 PM","Pool1-0002.ChrisLab.local","Pool1"
"test2","1/1/2024 2:23:25 PM","Pool1-0003.ChrisLab.local","Pool1"
"test5","1/1/2024 1:53:20 PM","Pool1-0001.ChrisLab.local","Pool1"
"test1","1/1/2024 1:23:22 PM","Pool1-0002.ChrisLab.local","Pool1"
"test4","1/1/2024 12:53:19 PM","Pool1-0005.ChrisLab.local","Pool1"
"test3","1/1/2024 12:23:19 PM","Pool1-0002.ChrisLab.local","Pool1"
"test2","1/1/2024 11:53:19 AM","Pool1-0003.ChrisLab.local","Pool1"
"test5","1/1/2024 11:24:06 AM","Pool1-0004.ChrisLab.local","Pool1"
"test1","1/1/2024 10:53:18 AM","Pool1-0004.ChrisLab.local","Pool1"
"test4","1/1/2024 10:23:17 AM","Pool1-0002.ChrisLab.local","Pool1"
"test3","1/1/2024 9:53:18 AM","Pool1-0001.ChrisLab.local","Pool1"
"test2","1/1/2024 9:23:16 AM","Pool1-0004.ChrisLab.local","Pool1"
"test5","1/1/2024 8:53:15 AM","Pool1-0001.ChrisLab.local","Pool1"
"test1","1/1/2024 8:23:16 AM","Pool1-0002.ChrisLab.local","Pool1"
"test4","1/1/2024 7:53:14 AM","Pool1-0003.ChrisLab.local","Pool1"
"test3","1/1/2024 7:23:14 AM","Pool1-0002.ChrisLab.local","Pool1"
"test2","1/1/2024 6:53:13 AM","Pool1-0001.ChrisLab.local","Pool1"
"test5","1/1/2024 6:23:12 AM","Pool1-0005.ChrisLab.local","Pool1"
"test1","1/1/2024 5:53:41 AM","Pool1-0004.ChrisLab.local","Pool1"
"test4","1/1/2024 5:23:11 AM","Pool1-0004.ChrisLab.local","Pool1"
"test3","1/1/2024 4:53:54 AM","Pool1-0003.ChrisLab.local","Pool1"
"test2","1/1/2024 4:23:09 AM","Pool1-0003.ChrisLab.local","Pool1"
"test5","1/1/2024 3:53:08 AM","Pool1-0002.ChrisLab.local","Pool1"
"test1","1/1/2024 3:23:09 AM","Pool1-0005.ChrisLab.local","Pool1"
"test4","1/1/2024 2:53:37 AM","Pool1-0001.ChrisLab.local","Pool1"
"test3","1/1/2024 2:23:07 AM","Pool1-0001.ChrisLab.local","Pool1"
"test2","1/1/2024 1:53:52 AM","Pool1-0004.ChrisLab.local","Pool1"
"test5","1/1/2024 1:23:07 AM","Pool1-0004.ChrisLab.local","Pool1"
"test1","1/1/2024 12:53:05 AM","Pool1-0001.ChrisLab.local","Pool1"
"test4","1/1/2024 12:23:06 AM","Pool1-0004.ChrisLab.local","Pool1"
"test3","12/31/2023 11:53:46 PM","Pool1-0005.ChrisLab.local","Pool1"
"test2","12/31/2023 11:23:03 PM","Pool1-0005.ChrisLab.local","Pool1"
"test5","12/31/2023 10:53:02 PM","Pool1-0001.ChrisLab.local","Pool1"
"test1","12/31/2023 10:23:01 PM","Pool1-0005.ChrisLab.local","Pool1"
"test4","12/31/2023 9:53:01 PM","Pool1-0003.ChrisLab.local","Pool1"
"test3","12/31/2023 9:23:44 PM","Pool1-0001.ChrisLab.local","Pool1"
"test2","12/31/2023 8:53:01 PM","Pool1-0001.ChrisLab.local","Pool1"
"test5","12/31/2023 8:23:43 PM","Pool1-0005.ChrisLab.local","Pool1"
"test1","12/31/2023 7:53:00 PM","Pool1-0005.ChrisLab.local","Pool1"
"test4","12/31/2023 7:23:01 PM","Pool1-0004.ChrisLab.local","Pool1"
"test3","12/31/2023 6:52:58 PM","Pool1-0002.ChrisLab.local","Pool1"
"test2","12/31/2023 6:22:57 PM","Pool1-0003.ChrisLab.local","Pool1"
"test5","12/31/2023 5:52:58 PM","Pool1-0005.ChrisLab.local","Pool1"
"test1","12/31/2023 5:23:23 PM","Pool1-0004.ChrisLab.local","Pool1"
"test4","12/31/2023 4:52:57 PM","Pool1-0004.ChrisLab.local","Pool1"
"test3","12/31/2023 4:22:55 PM","Pool1-0005.ChrisLab.local","Pool1"
"test2","12/31/2023 3:52:53 PM","Pool1-0002.ChrisLab.local","Pool1"
"test5","12/31/2023 3:22:53 PM","Pool1-0005.ChrisLab.local","Pool1"
"test1","12/31/2023 2:52:53 PM","Pool1-0004.ChrisLab.local","Pool1"
"test4","12/31/2023 2:23:20 PM","Pool1-0003.ChrisLab.local","Pool1"
"test3","12/31/2023 1:52:52 PM","Pool1-0003.ChrisLab.local","Pool1"
"test2","12/31/2023 1:22:55 PM","Pool1-0002.ChrisLab.local","Pool1"
"test5","12/31/2023 12:52:49 PM","Pool1-0005.ChrisLab.local","Pool1"
"test1","12/31/2023 12:22:49 PM","Pool1-0004.ChrisLab.local","Pool1"
"test4","12/31/2023 11:52:46 AM","Pool1-0002.ChrisLab.local","Pool1"
"test3","12/31/2023 11:22:49 AM","Pool1-0001.ChrisLab.local","Pool1"
"test2","12/31/2023 10:52:48 AM","Pool1-0004.ChrisLab.local","Pool1"
"test5","12/31/2023 10:22:47 AM","Pool1-0003.ChrisLab.local","Pool1"
"test1","12/31/2023 9:52:49 AM","Pool1-0004.ChrisLab.local","Pool1"
"test4","12/31/2023 9:22:44 AM","Pool1-0004.ChrisLab.local","Pool1"
"test3","12/31/2023 8:52:43 AM","Pool1-0003.ChrisLab.local","Pool1"
"test2","12/31/2023 8:22:48 AM","Pool1-0001.ChrisLab.local","Pool1"
"test5","12/31/2023 7:52:45 AM","Pool1-0001.ChrisLab.local","Pool1"
"test1","12/31/2023 7:22:49 AM","Pool1-0001.ChrisLab.local","Pool1"
"test4","12/31/2023 6:52:41 AM","Pool1-0001.ChrisLab.local","Pool1"
"test3","12/31/2023 6:22:47 AM","Pool1-0004.ChrisLab.local","Pool1"
"test2","12/31/2023 5:52:42 AM","Pool1-0004.ChrisLab.local","Pool1"
"test5","12/31/2023 5:22:39 AM","Pool1-0004.ChrisLab.local","Pool1"
"test1","12/31/2023 4:52:38 AM","Pool1-0002.ChrisLab.local","Pool1"
"test4","12/31/2023 4:22:37 AM","Pool1-0005.ChrisLab.local","Pool1"
"test3","12/31/2023 3:52:46 AM","Pool1-0003.ChrisLab.local","Pool1"
"test2","12/31/2023 3:22:44 AM","Pool1-0003.ChrisLab.local","Pool1"
"test5","12/31/2023 2:52:45 AM","Pool1-0003.ChrisLab.local","Pool1"
"test1","12/31/2023 2:22:42 AM","Pool1-0003.ChrisLab.local","Pool1"
"test4","12/31/2023 1:52:35 AM","Pool1-0002.ChrisLab.local","Pool1"
"test3","12/31/2023 1:22:35 AM","Pool1-0003.ChrisLab.local","Pool1"
"test2","12/31/2023 12:52:40 AM","Pool1-0001.ChrisLab.local","Pool1"
"test5","12/31/2023 12:22:39 AM","Pool1-0001.ChrisLab.local","Pool1"
"test1","12/30/2023 11:52:33 PM","Pool1-0005.ChrisLab.local","Pool1"
"test4","12/30/2023 11:22:33 PM","Pool1-0001.ChrisLab.local","Pool1"
"test3","12/30/2023 10:52:38 PM","Pool1-0004.ChrisLab.local","Pool1"
"test2","12/30/2023 10:22:31 PM","Pool1-0001.ChrisLab.local","Pool1"
"test5","12/30/2023 9:52:39 PM","Pool1-0003.ChrisLab.local","Pool1"
"test1","12/30/2023 9:22:30 PM","Pool1-0003.ChrisLab.local","Pool1"
"test4","12/30/2023 8:52:31 PM","Pool1-0004.ChrisLab.local","Pool1"
"test3","12/30/2023 8:22:34 PM","Pool1-0005.ChrisLab.local","Pool1"
"test2","12/30/2023 7:52:30 PM","Pool1-0002.ChrisLab.local","Pool1"
"test5","12/30/2023 7:22:29 PM","Pool1-0001.ChrisLab.local","Pool1"
"test1","12/30/2023 6:52:31 PM","Pool1-0005.ChrisLab.local","Pool1"
"test4","12/30/2023 6:22:27 PM","Pool1-0005.ChrisLab.local","Pool1"
"test3","12/30/2023 5:52:27 PM","Pool1-0004.ChrisLab.local","Pool1"
"test2","12/30/2023 5:22:34 PM","Pool1-0002.ChrisLab.local","Pool1"
"test5","12/30/2023 4:52:26 PM","Pool1-0002.ChrisLab.local","Pool1"
"test1","12/30/2023 4:22:32 PM","Pool1-0001.ChrisLab.local","Pool1"
"test4","12/30/2023 3:52:31 PM","Pool1-0001.ChrisLab.local","Pool1"
"test3","12/30/2023 3:22:24 PM","Pool1-0001.ChrisLab.local","Pool1"
"test2","12/30/2023 2:52:23 PM","Pool1-0005.ChrisLab.local","Pool1"
"test5","12/30/2023 2:22:27 PM","Pool1-0004.ChrisLab.local","Pool1"
"test1","12/30/2023 1:52:22 PM","Pool1-0003.ChrisLab.local","Pool1"
"test4","12/30/2023 1:22:27 PM","Pool1-0005.ChrisLab.local","Pool1"
"test3","12/30/2023 12:52:21 PM","Pool1-0005.ChrisLab.local","Pool1"
"test2","12/30/2023 12:22:22 PM","Pool1-0001.ChrisLab.local","Pool1"
"test5","12/30/2023 11:52:24 AM","Pool1-0001.ChrisLab.local","Pool1"
"test1","12/30/2023 11:22:25 AM","Pool1-0005.ChrisLab.local","Pool1"
"test4","12/30/2023 10:52:19 AM","Pool1-0003.ChrisLab.local","Pool1"
"test3","12/30/2023 10:22:19 AM","Pool1-0001.ChrisLab.local","Pool1"
"test2","12/30/2023 9:52:17 AM","Pool1-0005.ChrisLab.local","Pool1"
"test5","12/30/2023 9:22:22 AM","Pool1-0001.ChrisLab.local","Pool1"
"test1","12/30/2023 8:52:15 AM","Pool1-0002.ChrisLab.local","Pool1"
"test4","12/30/2023 8:22:14 AM","Pool1-0001.ChrisLab.local","Pool1"
"test3","12/30/2023 7:52:13 AM","Pool1-0003.ChrisLab.local","Pool1"
"test2","12/30/2023 7:22:19 AM","Pool1-0005.ChrisLab.local","Pool1"
"test5","12/30/2023 6:52:18 AM","Pool1-0003.ChrisLab.local","Pool1"
"test1","12/30/2023 6:22:12 AM","Pool1-0005.ChrisLab.local","Pool1"
"test4","12/30/2023 5:52:13 AM","Pool1-0003.ChrisLab.local","Pool1"
"test3","12/30/2023 5:22:10 AM","Pool1-0003.ChrisLab.local","Pool1"
"test2","12/30/2023 4:52:09 AM","Pool1-0001.ChrisLab.local","Pool1"
"test5","12/30/2023 4:22:13 AM","Pool1-0004.ChrisLab.local","Pool1"
"test1","12/30/2023 3:52:09 AM","Pool1-0002.ChrisLab.local","Pool1"
"test4","12/30/2023 3:22:13 AM","Pool1-0004.ChrisLab.local","Pool1"
"test3","12/30/2023 2:52:07 AM","Pool1-0003.ChrisLab.local","Pool1"
"test2","12/30/2023 2:22:06 AM","Pool1-0004.ChrisLab.local","Pool1"
"test5","12/30/2023 1:52:06 AM","Pool1-0005.ChrisLab.local","Pool1"
"test1","12/30/2023 1:22:05 AM","Pool1-0002.ChrisLab.local","Pool1"
"test4","12/30/2023 12:52:05 AM","Pool1-0005.ChrisLab.local","Pool1"
"test3","12/30/2023 12:22:11 AM","Pool1-0003.ChrisLab.local","Pool1"
"test2","12/29/2023 11:52:03 PM","Pool1-0003.ChrisLab.local","Pool1"
"test5","12/29/2023 11:22:03 PM","Pool1-0004.ChrisLab.local","Pool1"
"test1","12/29/2023 10:52:09 PM","Pool1-0005.ChrisLab.local","Pool1"
"test4","12/29/2023 10:22:08 PM","Pool1-0001.ChrisLab.local","Pool1"
"test3","12/29/2023 9:52:06 PM","Pool1-0001.ChrisLab.local","Pool1"
"test2","12/29/2023 9:22:01 PM","Pool1-0005.ChrisLab.local","Pool1"
"test5","12/29/2023 8:52:00 PM","Pool1-0001.ChrisLab.local","Pool1"
"test1","12/29/2023 8:22:00 PM","Pool1-0003.ChrisLab.local","Pool1"
"test4","12/29/2023 7:51:59 PM","Pool1-0002.ChrisLab.local","Pool1"
"test3","12/29/2023 7:22:08 PM","Pool1-0004.ChrisLab.local","Pool1"
"test2","12/29/2023 6:51:59 PM","Pool1-0004.ChrisLab.local","Pool1"
"test5","12/29/2023 6:21:58 PM","Pool1-0002.ChrisLab.local","Pool1"
"test1","12/29/2023 5:51:57 PM","Pool1-0003.ChrisLab.local","Pool1"
"test4","12/29/2023 5:21:57 PM","Pool1-0005.ChrisLab.local","Pool1"
"test3","12/29/2023 4:52:01 PM","Pool1-0004.ChrisLab.local","Pool1"
"test2","12/29/2023 4:22:01 PM","Pool1-0004.ChrisLab.local","Pool1"
"test5","12/29/2023 3:51:58 PM","Pool1-0004.ChrisLab.local","Pool1"
"test1","12/29/2023 3:21:54 PM","Pool1-0005.ChrisLab.local","Pool1"
"test4","12/29/2023 2:51:53 PM","Pool1-0004.ChrisLab.local","Pool1"
"test3","12/29/2023 2:21:56 PM","Pool1-0002.ChrisLab.local","Pool1"
"test2","12/29/2023 1:51:58 PM","Pool1-0001.ChrisLab.local","Pool1"
"test5","12/29/2023 1:21:55 PM","Pool1-0005.ChrisLab.local","Pool1"
"test1","12/29/2023 12:51:52 PM","Pool1-0004.ChrisLab.local","Pool1"
"test4","12/29/2023 12:21:51 PM","Pool1-0001.ChrisLab.local","Pool1"
"test3","12/29/2023 11:51:54 AM","Pool1-0001.ChrisLab.local","Pool1"
"test2","12/29/2023 11:21:48 AM","Pool1-0005.ChrisLab.local","Pool1"
"test5","12/29/2023 10:51:48 AM","Pool1-0004.ChrisLab.local","Pool1"
"test1","12/29/2023 10:21:48 AM","Pool1-0002.ChrisLab.local","Pool1"
"test4","12/29/2023 9:51:53 AM","Pool1-0001.ChrisLab.local","Pool1"
"test3","12/29/2023 9:21:51 AM","Pool1-0004.ChrisLab.local","Pool1"
"test2","12/29/2023 8:51:46 AM","Pool1-0001.ChrisLab.local","Pool1"
"test5","12/29/2023 8:21:51 AM","Pool1-0004.ChrisLab.local","Pool1"
"test1","12/29/2023 7:51:46 AM","Pool1-0004.ChrisLab.local","Pool1"
"test4","12/29/2023 7:21:44 AM","Pool1-0004.ChrisLab.local","Pool1"
"test3","12/29/2023 6:51:43 AM","Pool1-0002.ChrisLab.local","Pool1"
"test2","12/29/2023 6:21:50 AM","Pool1-0001.ChrisLab.local","Pool1"
"test5","12/29/2023 5:51:42 AM","Pool1-0001.ChrisLab.local","Pool1"
"test1","12/29/2023 5:21:46 AM","Pool1-0004.ChrisLab.local","Pool1"
"test4","12/29/2023 4:51:46 AM","Pool1-0005.ChrisLab.local","Pool1"
"test3","12/29/2023 4:21:41 AM","Pool1-0005.ChrisLab.local","Pool1"
"test2","12/29/2023 3:51:40 AM","Pool1-0001.ChrisLab.local","Pool1"
"test5","12/29/2023 3:21:44 AM","Pool1-0004.ChrisLab.local","Pool1"
"test1","12/29/2023 2:51:38 AM","Pool1-0001.ChrisLab.local","Pool1"
"test4","12/29/2023 2:21:43 AM","Pool1-0004.ChrisLab.local","Pool1"
"test3","12/29/2023 1:51:37 AM","Pool1-0004.ChrisLab.local","Pool1"
"test2","12/29/2023 1:21:38 AM","Pool1-0002.ChrisLab.local","Pool1"
"test5","12/29/2023 12:51:42 AM","Pool1-0002.ChrisLab.local","Pool1"
"test1","12/29/2023 12:21:41 AM","Pool1-0002.ChrisLab.local","Pool1"
"test4","12/28/2023 11:51:35 PM","Pool1-0003.ChrisLab.local","Pool1"
"test3","12/28/2023 11:21:34 PM","Pool1-0002.ChrisLab.local","Pool1"
"test2","12/28/2023 10:51:34 PM","Pool1-0004.ChrisLab.local","Pool1"
"test5","12/28/2023 10:21:34 PM","Pool1-0002.ChrisLab.local","Pool1"
"test1","12/28/2023 9:51:33 PM","Pool1-0003.ChrisLab.local","Pool1"
"test4","12/28/2023 9:21:40 PM","Pool1-0001.ChrisLab.local","Pool1"
"test3","12/28/2023 8:51:33 PM","Pool1-0001.ChrisLab.local","Pool1"
"test2","12/28/2023 8:21:35 PM","Pool1-0001.ChrisLab.local","Pool1"
"test5","12/28/2023 7:51:36 PM","Pool1-0005.ChrisLab.local","Pool1"
"test1","12/28/2023 7:21:31 PM","Pool1-0001.ChrisLab.local","Pool1"
"test4","12/28/2023 6:51:30 PM","Pool1-0005.ChrisLab.local","Pool1"
"test3","12/28/2023 6:21:33 PM","Pool1-0003.ChrisLab.local","Pool1"
"test2","12/28/2023 5:51:27 PM","Pool1-0004.ChrisLab.local","Pool1"
"test5","12/28/2023 5:21:27 PM","Pool1-0002.ChrisLab.local","Pool1"
"test1","12/28/2023 4:51:26 PM","Pool1-0001.ChrisLab.local","Pool1"
"test4","12/28/2023 4:21:26 PM","Pool1-0003.ChrisLab.local","Pool1"
"test3","12/28/2023 3:51:32 PM","Pool1-0005.ChrisLab.local","Pool1"
"test2","12/28/2023 3:21:24 PM","Pool1-0005.ChrisLab.local","Pool1"
"test5","12/28/2023 2:51:29 PM","Pool1-0004.ChrisLab.local","Pool1"
"test1","12/28/2023 2:21:27 PM","Pool1-0004.ChrisLab.local","Pool1"
"test4","12/28/2023 1:51:29 PM","Pool1-0005.ChrisLab.local","Pool1"
"test3","12/28/2023 1:21:23 PM","Pool1-0003.ChrisLab.local","Pool1"
"test2","12/28/2023 12:51:22 PM","Pool1-0005.ChrisLab.local","Pool1"
"test5","12/28/2023 12:21:21 PM","Pool1-0001.ChrisLab.local","Pool1"
"test1","12/28/2023 11:51:27 AM","Pool1-0005.ChrisLab.local","Pool1"
"test4","12/28/2023 11:21:20 AM","Pool1-0001.ChrisLab.local","Pool1"
"test3","12/28/2023 10:51:20 AM","Pool1-0003.ChrisLab.local","Pool1"
"test2","12/28/2023 10:21:20 AM","Pool1-0005.ChrisLab.local","Pool1"
"test5","12/28/2023 9:51:24 AM","Pool1-0004.ChrisLab.local","Pool1"
"test1","12/28/2023 9:21:22 AM","Pool1-0005.ChrisLab.local","Pool1"
"test4","12/28/2023 8:51:17 AM","Pool1-0005.ChrisLab.local","Pool1"
"test3","12/28/2023 8:21:17 AM","Pool1-0004.ChrisLab.local","Pool1"
"test2","12/28/2023 7:51:16 AM","Pool1-0002.ChrisLab.local","Pool1"
"test5","12/28/2023 7:21:16 AM","Pool1-0004.ChrisLab.local","Pool1"
"test1","12/28/2023 6:51:20 AM","Pool1-0005.ChrisLab.local","Pool1"
"test4","12/28/2023 6:21:18 AM","Pool1-0005.ChrisLab.local","Pool1"
"test3","12/28/2023 5:51:14 AM","Pool1-0005.ChrisLab.local","Pool1"
"test2","12/28/2023 5:21:17 AM","Pool1-0005.ChrisLab.local","Pool1"
"test5","12/28/2023 4:51:18 AM","Pool1-0002.ChrisLab.local","Pool1"
"test1","12/28/2023 4:21:12 AM","Pool1-0005.ChrisLab.local","Pool1"
"test4","12/28/2023 3:51:12 AM","Pool1-0002.ChrisLab.local","Pool1"
"test3","12/28/2023 3:21:12 AM","Pool1-0004.ChrisLab.local","Pool1"
"test2","12/28/2023 2:51:14 AM","Pool1-0001.ChrisLab.local","Pool1"
"test5","12/28/2023 2:21:10 AM","Pool1-0001.ChrisLab.local","Pool1"
"test1","12/28/2023 1:51:10 AM","Pool1-0003.ChrisLab.local","Pool1"
"test4","12/28/2023 1:21:09 AM","Pool1-0002.ChrisLab.local","Pool1"
"test3","12/28/2023 12:51:09 AM","Pool1-0005.ChrisLab.local","Pool1"
"test2","12/28/2023 12:21:11 AM","Pool1-0004.ChrisLab.local","Pool1"
"test5","12/27/2023 11:51:08 PM","Pool1-0004.ChrisLab.local","Pool1"
"test1","12/27/2023 11:21:12 PM","Pool1-0001.ChrisLab.local","Pool1"
"test4","12/27/2023 10:51:06 PM","Pool1-0001.ChrisLab.local","Pool1"
"test3","12/27/2023 10:21:10 PM","Pool1-0003.ChrisLab.local","Pool1"
"test2","12/27/2023 9:51:05 PM","Pool1-0002.ChrisLab.local","Pool1"
"test5","12/27/2023 9:21:09 PM","Pool1-0003.ChrisLab.local","Pool1"
"test1","12/27/2023 8:51:05 PM","Pool1-0003.ChrisLab.local","Pool1"
"test4","12/27/2023 8:20:02 PM","Pool1-0003.ChrisLab.local","Pool1"
"test3","12/27/2023 7:50:07 PM","Pool1-0004.ChrisLab.local","Pool1"
"test2","12/27/2023 7:20:03 PM","Pool1-0005.ChrisLab.local","Pool1"
"test5","12/27/2023 6:50:01 PM","Pool1-0004.ChrisLab.local","Pool1"
"test1","12/27/2023 6:20:00 PM","Pool1-0005.ChrisLab.local","Pool1"
"test4","12/27/2023 5:50:04 PM","Pool1-0001.ChrisLab.local","Pool1"
"test3","12/27/2023 5:20:05 PM","Pool1-0002.ChrisLab.local","Pool1"
"test2","12/27/2023 4:49:59 PM","Pool1-0001.ChrisLab.local","Pool1"
"test5","12/27/2023 4:19:57 PM","Pool1-0002.ChrisLab.local","Pool1"
"test1","12/27/2023 3:49:57 PM","Pool1-0001.ChrisLab.local","Pool1"
"test4","12/27/2023 3:20:10 PM","Pool1-0003.ChrisLab.local","Pool1"
"test3","12/27/2023 2:49:55 PM","Pool1-0005.ChrisLab.local","Pool1"
"test2","12/27/2023 2:20:16 PM","Pool1-0004.ChrisLab.local","Pool1"
"test5","12/27/2023 1:49:59 PM","Pool1-0001.ChrisLab.local","Pool1"
"test1","12/27/2023 1:19:57 PM","Pool1-0002.ChrisLab.local","Pool1"
"test4","12/27/2023 12:50:07 PM","Pool1-0001.ChrisLab.local","Pool1"
"test3","12/27/2023 12:20:05 PM","Pool1-0001.ChrisLab.local","Pool1"
"test2","12/27/2023 11:50:07 AM","Pool1-0002.ChrisLab.local","Pool1"
"test5","12/27/2023 11:20:03 AM","Pool1-0005.ChrisLab.local","Pool1"
"test1","12/27/2023 10:49:58 AM","Pool1-0005.ChrisLab.local","Pool1"
"test4","12/27/2023 10:19:52 AM","Pool1-0001.ChrisLab.local","Pool1"
"test3","12/27/2023 9:49:53 AM","Pool1-0002.ChrisLab.local","Pool1"
"test2","12/27/2023 9:19:52 AM","Pool1-0004.ChrisLab.local","Pool1"
"test5","12/27/2023 8:49:50 AM","Pool1-0002.ChrisLab.local","Pool1"
"test1","12/27/2023 8:19:48 AM","Pool1-0004.ChrisLab.local","Pool1"
"test4","12/27/2023 7:49:48 AM","Pool1-0002.ChrisLab.local","Pool1"
"test3","12/27/2023 7:19:47 AM","Pool1-0001.ChrisLab.local","Pool1"
"test2","12/27/2023 6:49:46 AM","Pool1-0003.ChrisLab.local","Pool1"
"test5","12/27/2023 6:19:48 AM","Pool1-0005.ChrisLab.local","Pool1"
"test1","12/27/2023 5:49:46 AM","Pool1-0004.ChrisLab.local","Pool1"
"test4","12/27/2023 5:19:46 AM","Pool1-0005.ChrisLab.local","Pool1"
"test3","12/27/2023 4:50:55 AM","Pool1-0002.ChrisLab.local","Pool1"
"test2","12/27/2023 4:20:28 AM","Pool1-0002.ChrisLab.local","Pool1"
"test5","12/27/2023 3:49:43 AM","Pool1-0002.ChrisLab.local","Pool1"
"test1","12/27/2023 3:20:15 AM","Pool1-0001.ChrisLab.local","Pool1"
"test4","12/27/2023 2:50:11 AM","Pool1-0001.ChrisLab.local","Pool1"
"test3","12/27/2023 2:19:42 AM","Pool1-0001.ChrisLab.local","Pool1"
"test2","12/27/2023 1:49:41 AM","Pool1-0004.ChrisLab.local","Pool1"
"test5","12/27/2023 1:20:24 AM","Pool1-0005.ChrisLab.local","Pool1"
"test1","12/27/2023 12:49:39 AM","Pool1-0005.ChrisLab.local","Pool1"
"test4","12/27/2023 12:20:06 AM","Pool1-0003.ChrisLab.local","Pool1"
"test3","12/26/2023 11:49:38 PM","Pool1-0003.ChrisLab.local","Pool1"
"test2","12/26/2023 11:19:38 PM","Pool1-0001.ChrisLab.local","Pool1"
"test5","12/26/2023 10:49:37 PM","Pool1-0004.ChrisLab.local","Pool1"
"test1","12/26/2023 10:19:37 PM","Pool1-0001.ChrisLab.local","Pool1"
"test4","12/26/2023 9:49:36 PM","Pool1-0002.ChrisLab.local","Pool1"
"test3","12/26/2023 9:19:35 PM","Pool1-0003.ChrisLab.local","Pool1"
"test2","12/26/2023 8:49:36 PM","Pool1-0004.ChrisLab.local","Pool1"
"test5","12/26/2023 8:19:34 PM","Pool1-0001.ChrisLab.local","Pool1"
"test1","12/26/2023 7:49:34 PM","Pool1-0003.ChrisLab.local","Pool1"
"test4","12/26/2023 7:19:34 PM","Pool1-0005.ChrisLab.local","Pool1"
"test3","12/26/2023 6:50:13 PM","Pool1-0003.ChrisLab.local","Pool1"
"test2","12/26/2023 6:19:31 PM","Pool1-0003.ChrisLab.local","Pool1"
"test5","12/26/2023 5:49:30 PM","Pool1-0005.ChrisLab.local","Pool1"
"test1","12/26/2023 5:19:57 PM","Pool1-0004.ChrisLab.local","Pool1"
"test4","12/26/2023 4:49:54 PM","Pool1-0004.ChrisLab.local","Pool1"
"test3","12/26/2023 4:19:29 PM","Pool1-0004.ChrisLab.local","Pool1"
"test2","12/26/2023 3:49:27 PM","Pool1-0005.ChrisLab.local","Pool1"
"test5","12/26/2023 3:19:27 PM","Pool1-0002.ChrisLab.local","Pool1"
"test1","12/26/2023 2:49:52 PM","Pool1-0003.ChrisLab.local","Pool1"
"test4","12/26/2023 2:19:29 PM","Pool1-0003.ChrisLab.local","Pool1"
"test3","12/26/2023 1:49:25 PM","Pool1-0001.ChrisLab.local","Pool1"
"test2","12/26/2023 1:20:07 PM","Pool1-0005.ChrisLab.local","Pool1"
"test5","12/26/2023 12:50:02 PM","Pool1-0005.ChrisLab.local","Pool1"
"test1","12/26/2023 12:19:23 PM","Pool1-0005.ChrisLab.local","Pool1"
"test4","12/26/2023 11:49:23 AM","Pool1-0003.ChrisLab.local","Pool1"
"test3","12/26/2023 11:19:22 AM","Pool1-0002.ChrisLab.local","Pool1"
"test2","12/26/2023 10:49:23 AM","Pool1-0005.ChrisLab.local","Pool1"
"test5","12/26/2023 10:19:20 AM","Pool1-0003.ChrisLab.local","Pool1"
"test1","12/26/2023 9:49:20 AM","Pool1-0001.ChrisLab.local","Pool1"
"test4","12/26/2023 9:19:18 AM","Pool1-0005.ChrisLab.local","Pool1"
"test3","12/26/2023 8:49:17 AM","Pool1-0003.ChrisLab.local","Pool1"
"test2","12/26/2023 8:19:17 AM","Pool1-0001.ChrisLab.local","Pool1"
"test5","12/26/2023 7:49:16 AM","Pool1-0002.ChrisLab.local","Pool1"
"test1","12/26/2023 7:19:16 AM","Pool1-0004.ChrisLab.local","Pool1"
"test4","12/26/2023 6:49:15 AM","Pool1-0002.ChrisLab.local","Pool1"
"test3","12/26/2023 6:19:51 AM","Pool1-0004.ChrisLab.local","Pool1"
"test2","12/26/2023 5:49:15 AM","Pool1-0004.ChrisLab.local","Pool1"
"test5","12/26/2023 5:19:13 AM","Pool1-0005.ChrisLab.local","Pool1"
"test1","12/26/2023 4:49:13 AM","Pool1-0001.ChrisLab.local","Pool1"
"test4","12/26/2023 4:19:12 AM","Pool1-0004.ChrisLab.local","Pool1"
"test3","12/26/2023 3:49:12 AM","Pool1-0005.ChrisLab.local","Pool1"
"test2","12/26/2023 3:19:12 AM","Pool1-0003.ChrisLab.local","Pool1"
"test5","12/26/2023 2:49:48 AM","Pool1-0004.ChrisLab.local","Pool1"
"test1","12/26/2023 2:19:11 AM","Pool1-0004.ChrisLab.local","Pool1"
"test4","12/26/2023 1:49:10 AM","Pool1-0001.ChrisLab.local","Pool1"
"test3","12/26/2023 1:19:09 AM","Pool1-0003.ChrisLab.local","Pool1"
"test2","12/26/2023 12:49:09 AM","Pool1-0002.ChrisLab.local","Pool1"
"test5","12/26/2023 12:19:08 AM","Pool1-0004.ChrisLab.local","Pool1"
"test1","12/25/2023 11:49:07 PM","Pool1-0002.ChrisLab.local","Pool1"
"test4","12/25/2023 11:19:07 PM","Pool1-0001.ChrisLab.local","Pool1"
"test3","12/25/2023 10:49:07 PM","Pool1-0005.ChrisLab.local","Pool1"
"test2","12/25/2023 10:19:06 PM","Pool1-0004.ChrisLab.local","Pool1"
"test5","12/25/2023 9:49:05 PM","Pool1-0001.ChrisLab.local","Pool1"
"test1","12/25/2023 9:19:06 PM","Pool1-0004.ChrisLab.local","Pool1"
"test4","12/25/2023 8:49:05 PM","Pool1-0002.ChrisLab.local","Pool1"
"test3","12/25/2023 8:19:04 PM","Pool1-0001.ChrisLab.local","Pool1"
"test2","12/25/2023 7:49:04 PM","Pool1-0002.ChrisLab.local","Pool1"
"test5","12/25/2023 7:19:03 PM","Pool1-0005.ChrisLab.local","Pool1"
"test1","12/25/2023 6:49:02 PM","Pool1-0003.ChrisLab.local","Pool1"
"test4","12/25/2023 6:19:19 PM","Pool1-0001.ChrisLab.local","Pool1"
"test3","12/25/2023 5:48:59 PM","Pool1-0001.ChrisLab.local","Pool1"
"test2","12/25/2023 5:18:59 PM","Pool1-0003.ChrisLab.local","Pool1"
"test5","12/25/2023 4:48:58 PM","Pool1-0002.ChrisLab.local","Pool1"
"test1","12/25/2023 4:18:57 PM","Pool1-0001.ChrisLab.local","Pool1"
"test4","12/25/2023 3:48:56 PM","Pool1-0004.ChrisLab.local","Pool1"
"test3","12/25/2023 3:18:56 PM","Pool1-0001.ChrisLab.local","Pool1"
"test2","12/25/2023 2:48:54 PM","Pool1-0002.ChrisLab.local","Pool1"
"test5","12/25/2023 2:18:57 PM","Pool1-0003.ChrisLab.local","Pool1"
"test1","12/25/2023 1:48:53 PM","Pool1-0005.ChrisLab.local","Pool1"
"test4","12/25/2023 1:18:56 PM","Pool1-0004.ChrisLab.local","Pool1"
"test3","12/25/2023 12:48:52 PM","Pool1-0003.ChrisLab.local","Pool1"
"test2","12/25/2023 12:18:51 PM","Pool1-0004.ChrisLab.local","Pool1"
"test5","12/25/2023 11:48:51 AM","Pool1-0002.ChrisLab.local","Pool1"
"test1","12/25/2023 11:18:50 AM","Pool1-0005.ChrisLab.local","Pool1"
"test4","12/25/2023 10:48:50 AM","Pool1-0004.ChrisLab.local","Pool1"
"test3","12/25/2023 10:18:49 AM","Pool1-0005.ChrisLab.local","Pool1"
"test2","12/25/2023 9:48:49 AM","Pool1-0001.ChrisLab.local","Pool1"
"test5","12/25/2023 9:18:48 AM","Pool1-0004.ChrisLab.local","Pool1"
"test1","12/25/2023 8:48:46 AM","Pool1-0005.ChrisLab.local","Pool1"
"test4","12/25/2023 8:18:46 AM","Pool1-0003.ChrisLab.local","Pool1"
"test3","12/25/2023 7:48:45 AM","Pool1-0001.ChrisLab.local","Pool1"
"test2","12/25/2023 7:18:44 AM","Pool1-0005.ChrisLab.local","Pool1"
"test5","12/25/2023 6:48:44 AM","Pool1-0004.ChrisLab.local","Pool1"
"test1","12/25/2023 6:19:02 AM","Pool1-0005.ChrisLab.local","Pool1"
"test4","12/25/2023 5:48:43 AM","Pool1-0005.ChrisLab.local","Pool1"
"test3","12/25/2023 5:18:42 AM","Pool1-0003.ChrisLab.local","Pool1"
"test2","12/25/2023 4:48:42 AM","Pool1-0005.ChrisLab.local","Pool1"
"test5","12/25/2023 4:18:41 AM","Pool1-0003.ChrisLab.local","Pool1"
"test1","12/25/2023 3:48:41 AM","Pool1-0002.ChrisLab.local","Pool1"
"test4","12/25/2023 3:18:56 AM","Pool1-0005.ChrisLab.local","Pool1"
"test3","12/25/2023 2:48:38 AM","Pool1-0005.ChrisLab.local","Pool1"
"test2","12/25/2023 2:18:38 AM","Pool1-0002.ChrisLab.local","Pool1"
"test5","12/25/2023 1:48:35 AM","Pool1-0005.ChrisLab.local","Pool1"
"test1","12/25/2023 1:18:37 AM","Pool1-0001.ChrisLab.local","Pool1"
"test4","12/25/2023 12:48:34 AM","Pool1-0004.ChrisLab.local","Pool1"
"test3","12/25/2023 12:18:33 AM","Pool1-0002.ChrisLab.local","Pool1"
"test2","12/24/2023 11:48:59 PM","Pool1-0004.ChrisLab.local","Pool1"
"test5","12/24/2023 11:18:32 PM","Pool1-0004.ChrisLab.local","Pool1"
"test1","12/24/2023 10:48:47 PM","Pool1-0003.ChrisLab.local","Pool1"
"test4","12/24/2023 10:18:30 PM","Pool1-0003.ChrisLab.local","Pool1"
"test3","12/24/2023 9:48:56 PM","Pool1-0002.ChrisLab.local","Pool1"
"test2","12/24/2023 9:18:29 PM","Pool1-0002.ChrisLab.local","Pool1"
"test5","12/24/2023 8:48:54 PM","Pool1-0001.ChrisLab.local","Pool1"
"test1","12/24/2023 8:18:44 PM","Pool1-0001.ChrisLab.local","Pool1"
"test4","12/24/2023 7:48:26 PM","Pool1-0001.ChrisLab.local","Pool1"
"test3","12/24/2023 7:18:26 PM","Pool1-0003.ChrisLab.local","Pool1"
"test2","12/24/2023 6:48:26 PM","Pool1-0004.ChrisLab.local","Pool1"
"test5","12/24/2023 6:18:25 PM","Pool1-0005.ChrisLab.local","Pool1"
"test1","12/24/2023 5:48:25 PM","Pool1-0002.ChrisLab.local","Pool1"
"test4","12/24/2023 5:18:25 PM","Pool1-0004.ChrisLab.local","Pool1"
"test3","12/24/2023 4:48:22 PM","Pool1-0005.ChrisLab.local","Pool1"
"test2","12/24/2023 4:18:22 PM","Pool1-0003.ChrisLab.local","Pool1"
"test5","12/24/2023 3:48:47 PM","Pool1-0005.ChrisLab.local","Pool1"
"test1","12/24/2023 3:18:38 PM","Pool1-0005.ChrisLab.local","Pool1"
"test4","12/24/2023 2:48:21 PM","Pool1-0005.ChrisLab.local","Pool1"
"test3","12/24/2023 2:18:48 PM","Pool1-0002.ChrisLab.local","Pool1"
"test2","12/24/2023 1:48:20 PM","Pool1-0002.ChrisLab.local","Pool1"
"test5","12/24/2023 1:18:21 PM","Pool1-0001.ChrisLab.local","Pool1"
"test1","12/24/2023 12:48:35 PM","Pool1-0004.ChrisLab.local","Pool1"
"test4","12/24/2023 12:18:19 PM","Pool1-0004.ChrisLab.local","Pool1"
"test3","12/24/2023 11:48:57 AM","Pool1-0002.ChrisLab.local","Pool1"
"test2","12/24/2023 11:18:40 AM","Pool1-0002.ChrisLab.local","Pool1"
"test5","12/24/2023 10:48:40 AM","Pool1-0002.ChrisLab.local","Pool1"
"test1","12/24/2023 10:18:16 AM","Pool1-0002.ChrisLab.local","Pool1"
"test4","12/24/2023 9:48:30 AM","Pool1-0001.ChrisLab.local","Pool1"
"test3","12/24/2023 9:18:15 AM","Pool1-0001.ChrisLab.local","Pool1"
"test2","12/24/2023 8:48:36 AM","Pool1-0005.ChrisLab.local","Pool1"
"test5","12/24/2023 8:18:14 AM","Pool1-0005.ChrisLab.local","Pool1"
"test1","12/24/2023 7:48:14 AM","Pool1-0004.ChrisLab.local","Pool1"
"test4","12/24/2023 7:18:13 AM","Pool1-0003.ChrisLab.local","Pool1"
"test3","12/24/2023 6:48:13 AM","Pool1-0004.ChrisLab.local","Pool1"
"test2","12/24/2023 6:18:13 AM","Pool1-0002.ChrisLab.local","Pool1"
"test5","12/24/2023 5:48:11 AM","Pool1-0003.ChrisLab.local","Pool1"
"test1","12/24/2023 5:18:24 AM","Pool1-0002.ChrisLab.local","Pool1"
"test4","12/24/2023 4:48:12 AM","Pool1-0002.ChrisLab.local","Pool1"
"test3","12/24/2023 4:18:10 AM","Pool1-0005.ChrisLab.local","Pool1"
"test2","12/24/2023 3:48:09 AM","Pool1-0001.ChrisLab.local","Pool1"
"test5","12/24/2023 3:18:08 AM","Pool1-0002.ChrisLab.local","Pool1"
"test1","12/24/2023 2:48:20 AM","Pool1-0004.ChrisLab.local","Pool1"
"test4","12/24/2023 2:18:07 AM","Pool1-0004.ChrisLab.local","Pool1"
"test3","12/24/2023 1:48:06 AM","Pool1-0002.ChrisLab.local","Pool1"
"test2","12/24/2023 1:18:06 AM","Pool1-0004.ChrisLab.local","Pool1"
"test5","12/24/2023 12:48:06 AM","Pool1-0001.ChrisLab.local","Pool1"
"test1","12/24/2023 12:18:05 AM","Pool1-0003.ChrisLab.local","Pool1"
"test4","12/23/2023 11:48:15 PM","Pool1-0001.ChrisLab.local","Pool1"
"test3","12/23/2023 11:18:22 PM","Pool1-0001.ChrisLab.local","Pool1"
"test2","12/23/2023 10:48:03 PM","Pool1-0001.ChrisLab.local","Pool1"
"test5","12/23/2023 10:18:02 PM","Pool1-0004.ChrisLab.local","Pool1"
"test1","12/23/2023 9:48:01 PM","Pool1-0001.ChrisLab.local","Pool1"
"test4","12/23/2023 9:17:59 PM","Pool1-0004.ChrisLab.local","Pool1"
"test3","12/23/2023 8:47:59 PM","Pool1-0002.ChrisLab.local","Pool1"
"test2","12/23/2023 8:18:17 PM","Pool1-0002.ChrisLab.local","Pool1"
"test5","12/23/2023 7:47:57 PM","Pool1-0002.ChrisLab.local","Pool1"
"test1","12/23/2023 7:18:07 PM","Pool1-0005.ChrisLab.local","Pool1"
"test4","12/23/2023 6:47:57 PM","Pool1-0005.ChrisLab.local","Pool1"
"test3","12/23/2023 6:17:54 PM","Pool1-0004.ChrisLab.local","Pool1"
"test2","12/23/2023 5:48:13 PM","Pool1-0003.ChrisLab.local","Pool1"
"test5","12/23/2023 5:17:54 PM","Pool1-0003.ChrisLab.local","Pool1"
"test1","12/23/2023 4:47:53 PM","Pool1-0005.ChrisLab.local","Pool1"
"test4","12/23/2023 4:17:52 PM","Pool1-0001.ChrisLab.local","Pool1"
"test3","12/23/2023 3:48:09 PM","Pool1-0002.ChrisLab.local","Pool1"
"test2","12/23/2023 3:17:52 PM","Pool1-0002.ChrisLab.local","Pool1"
"test5","12/23/2023 2:48:08 PM","Pool1-0005.ChrisLab.local","Pool1"
"test1","12/23/2023 2:17:53 PM","Pool1-0005.ChrisLab.local","Pool1"
"test4","12/23/2023 1:47:58 PM","Pool1-0002.ChrisLab.local","Pool1"
"test3","12/23/2023 1:17:52 PM","Pool1-0002.ChrisLab.local","Pool1"
"test2","12/23/2023 12:47:48 PM","Pool1-0004.ChrisLab.local","Pool1"
"test5","12/23/2023 12:17:47 PM","Pool1-0003.ChrisLab.local","Pool1"
"test1","12/23/2023 11:47:56 AM","Pool1-0004.ChrisLab.local","Pool1"
"test4","12/23/2023 11:17:47 AM","Pool1-0004.ChrisLab.local","Pool1"
"test3","12/23/2023 10:48:01 AM","Pool1-0005.ChrisLab.local","Pool1"
"test2","12/23/2023 10:17:45 AM","Pool1-0005.ChrisLab.local","Pool1"
"test5","12/23/2023 9:47:43 AM","Pool1-0004.ChrisLab.local","Pool1"
"test1","12/23/2023 9:17:42 AM","Pool1-0005.ChrisLab.local","Pool1"
"test4","12/23/2023 8:47:41 AM","Pool1-0003.ChrisLab.local","Pool1"
"test3","12/23/2023 8:17:41 AM","Pool1-0002.ChrisLab.local","Pool1"
"test2","12/23/2023 7:47:40 AM","Pool1-0004.ChrisLab.local","Pool1"
"test5","12/23/2023 7:17:40 AM","Pool1-0002.ChrisLab.local","Pool1"
"test1","12/23/2023 6:47:39 AM","Pool1-0005.ChrisLab.local","Pool1"
"test4","12/23/2023 6:17:38 AM","Pool1-0001.ChrisLab.local","Pool1"
"test3","12/23/2023 5:47:52 AM","Pool1-0003.ChrisLab.local","Pool1"
"test2","12/23/2023 5:17:37 AM","Pool1-0003.ChrisLab.local","Pool1"
"test5","12/23/2023 4:47:36 AM","Pool1-0004.ChrisLab.local","Pool1"
"test1","12/23/2023 4:17:44 AM","Pool1-0003.ChrisLab.local","Pool1"
"test4","12/23/2023 3:47:36 AM","Pool1-0003.ChrisLab.local","Pool1"
"test3","12/23/2023 3:17:35 AM","Pool1-0004.ChrisLab.local","Pool1"
"test2","12/23/2023 2:47:34 AM","Pool1-0005.ChrisLab.local","Pool1"
"test5","12/23/2023 2:17:34 AM","Pool1-0004.ChrisLab.local","Pool1"
"test1","12/23/2023 1:47:34 AM","Pool1-0005.ChrisLab.local","Pool1"
"test4","12/23/2023 1:17:41 AM","Pool1-0003.ChrisLab.local","Pool1"
"test3","12/23/2023 12:47:32 AM","Pool1-0003.ChrisLab.local","Pool1"
"test2","12/23/2023 12:17:31 AM","Pool1-0005.ChrisLab.local","Pool1"
"test5","12/22/2023 11:47:31 PM","Pool1-0002.ChrisLab.local","Pool1"
"test1","12/22/2023 11:17:30 PM","Pool1-0004.ChrisLab.local","Pool1"
"test4","12/22/2023 10:47:30 PM","Pool1-0001.ChrisLab.local","Pool1"
"test3","12/22/2023 10:17:30 PM","Pool1-0004.ChrisLab.local","Pool1"
"test2","12/22/2023 9:47:28 PM","Pool1-0003.ChrisLab.local","Pool1"
"test5","12/22/2023 9:17:28 PM","Pool1-0001.ChrisLab.local","Pool1"
"test1","12/22/2023 8:47:29 PM","Pool1-0003.ChrisLab.local","Pool1"
"test4","12/22/2023 8:17:27 PM","Pool1-0002.ChrisLab.local","Pool1"
"test3","12/22/2023 7:47:38 PM","Pool1-0005.ChrisLab.local","Pool1"
"test2","12/22/2023 7:17:28 PM","Pool1-0005.ChrisLab.local","Pool1"
"test5","12/22/2023 6:47:26 PM","Pool1-0002.ChrisLab.local","Pool1"
"test1","12/22/2023 6:17:25 PM","Pool1-0004.ChrisLab.local","Pool1"
"test4","12/22/2023 5:47:24 PM","Pool1-0005.ChrisLab.local","Pool1"
"test3","12/22/2023 5:16:23 PM","Pool1-0002.ChrisLab.local","Pool1"
"test2","12/22/2023 4:46:20 PM","Pool1-0003.ChrisLab.local","Pool1"
"test5","12/22/2023 4:16:21 PM","Pool1-0001.ChrisLab.local","Pool1"
"test1","12/22/2023 3:46:19 PM","Pool1-0004.ChrisLab.local","Pool1"
"test4","12/22/2023 3:16:18 PM","Pool1-0002.ChrisLab.local","Pool1"
"test3","12/22/2023 2:46:17 PM","Pool1-0005.ChrisLab.local","Pool1"
"test2","12/22/2023 2:16:22 PM","Pool1-0004.ChrisLab.local","Pool1"
"test5","12/22/2023 1:46:18 PM","Pool1-0002.ChrisLab.local","Pool1"
"test1","12/22/2023 1:16:18 PM","Pool1-0004.ChrisLab.local","Pool1"
"test4","12/22/2023 12:46:17 PM","Pool1-0003.ChrisLab.local","Pool1"
"test3","12/22/2023 12:17:04 PM","Pool1-0004.ChrisLab.local","Pool1"
"test2","12/22/2023 11:46:15 AM","Pool1-0004.ChrisLab.local","Pool1"
"test5","12/22/2023 11:16:15 AM","Pool1-0001.ChrisLab.local","Pool1"
"test1","12/22/2023 10:46:14 AM","Pool1-0002.ChrisLab.local","Pool1"
"test4","12/22/2023 10:16:14 AM","Pool1-0001.ChrisLab.local","Pool1"
"test3","12/22/2023 9:46:13 AM","Pool1-0004.ChrisLab.local","Pool1"
"test2","12/22/2023 9:16:12 AM","Pool1-0003.ChrisLab.local","Pool1"
"test5","12/22/2023 8:46:57 AM","Pool1-0004.ChrisLab.local","Pool1"
"test1","12/22/2023 8:16:10 AM","Pool1-0004.ChrisLab.local","Pool1"
"test4","12/22/2023 7:46:10 AM","Pool1-0001.ChrisLab.local","Pool1"
"test3","12/22/2023 7:16:08 AM","Pool1-0005.ChrisLab.local","Pool1"
"test2","12/22/2023 6:46:10 AM","Pool1-0004.ChrisLab.local","Pool1"
"test5","12/22/2023 6:16:53 AM","Pool1-0001.ChrisLab.local","Pool1"
"test1","12/22/2023 5:46:08 AM","Pool1-0001.ChrisLab.local","Pool1"
"test4","12/22/2023 5:16:07 AM","Pool1-0002.ChrisLab.local","Pool1"
"test3","12/22/2023 4:46:55 AM","Pool1-0004.ChrisLab.local","Pool1"
"test2","12/22/2023 4:16:51 AM","Pool1-0004.ChrisLab.local","Pool1"
"test5","12/22/2023 3:46:05 AM","Pool1-0004.ChrisLab.local","Pool1"
"test1","12/22/2023 3:16:04 AM","Pool1-0003.ChrisLab.local","Pool1"
"test4","12/22/2023 2:46:04 AM","Pool1-0004.ChrisLab.local","Pool1"
"test3","12/22/2023 2:16:04 AM","Pool1-0002.ChrisLab.local","Pool1"
"test2","12/22/2023 1:46:03 AM","Pool1-0004.ChrisLab.local","Pool1"
"test5","12/22/2023 1:16:01 AM","Pool1-0005.ChrisLab.local","Pool1"
"test1","12/22/2023 12:46:01 AM","Pool1-0001.ChrisLab.local","Pool1"
"test4","12/22/2023 12:16:28 AM","Pool1-0002.ChrisLab.local","Pool1"
"test3","12/21/2023 11:46:00 PM","Pool1-0002.ChrisLab.local","Pool1"
"test2","12/21/2023 11:16:00 PM","Pool1-0005.ChrisLab.local","Pool1"
"test5","12/21/2023 10:45:58 PM","Pool1-0002.ChrisLab.local","Pool1"
"test1","12/21/2023 10:16:24 PM","Pool1-0004.ChrisLab.local","Pool1"
"test4","12/21/2023 9:45:57 PM","Pool1-0004.ChrisLab.local","Pool1"
"test3","12/21/2023 9:15:58 PM","Pool1-0001.ChrisLab.local","Pool1"
"test2","12/21/2023 8:45:56 PM","Pool1-0003.ChrisLab.local","Pool1"
"test5","12/21/2023 8:15:58 PM","Pool1-0005.ChrisLab.local","Pool1"
"test1","12/21/2023 7:45:56 PM","Pool1-0001.ChrisLab.local","Pool1"
"test4","12/21/2023 7:15:57 PM","Pool1-0003.ChrisLab.local","Pool1"
"test3","12/21/2023 6:45:56 PM","Pool1-0002.ChrisLab.local","Pool1"
"test2","12/21/2023 6:15:56 PM","Pool1-0003.ChrisLab.local","Pool1"
"test5","12/21/2023 5:45:54 PM","Pool1-0001.ChrisLab.local","Pool1"
"test1","12/21/2023 5:16:21 PM","Pool1-0002.ChrisLab.local","Pool1"
"test4","12/21/2023 4:45:53 PM","Pool1-0002.ChrisLab.local","Pool1"
"test3","12/21/2023 4:15:53 PM","Pool1-0004.ChrisLab.local","Pool1"
"test2","12/21/2023 3:45:52 PM","Pool1-0003.ChrisLab.local","Pool1"
"test5","12/21/2023 3:15:51 PM","Pool1-0001.ChrisLab.local","Pool1"
"test1","12/21/2023 2:45:50 PM","Pool1-0004.ChrisLab.local","Pool1"
"test4","12/21/2023 2:15:54 PM","Pool1-0003.ChrisLab.local","Pool1"
"test3","12/21/2023 1:45:50 PM","Pool1-0001.ChrisLab.local","Pool1"
"test2","12/21/2023 1:15:53 PM","Pool1-0005.ChrisLab.local","Pool1"
"test5","12/21/2023 12:45:50 PM","Pool1-0003.ChrisLab.local","Pool1"
"test1","12/21/2023 12:15:59 PM","Pool1-0001.ChrisLab.local","Pool1"
"test4","12/21/2023 11:46:12 AM","Pool1-0001.ChrisLab.local","Pool1"
"test3","12/21/2023 11:16:26 AM","Pool1-0001.ChrisLab.local","Pool1"
"test2","12/21/2023 10:45:46 AM","Pool1-0001.ChrisLab.local","Pool1"
"test5","12/21/2023 10:16:24 AM","Pool1-0003.ChrisLab.local","Pool1"
"test1","12/21/2023 9:45:45 AM","Pool1-0003.ChrisLab.local","Pool1"
"test4","12/21/2023 9:16:08 AM","Pool1-0005.ChrisLab.local","Pool1"
"test3","12/21/2023 8:45:43 AM","Pool1-0005.ChrisLab.local","Pool1"
"test2","12/21/2023 8:15:44 AM","Pool1-0002.ChrisLab.local","Pool1"
"test5","12/21/2023 7:45:43 AM","Pool1-0004.ChrisLab.local","Pool1"
"test1","12/21/2023 7:15:42 AM","Pool1-0001.ChrisLab.local","Pool1"
"test4","12/21/2023 6:45:41 AM","Pool1-0002.ChrisLab.local","Pool1"
"test3","12/21/2023 6:15:41 AM","Pool1-0003.ChrisLab.local","Pool1"
"test2","12/21/2023 5:45:40 AM","Pool1-0001.ChrisLab.local","Pool1"
"test5","12/21/2023 5:15:41 AM","Pool1-0004.ChrisLab.local","Pool1"
"test1","12/21/2023 4:45:39 AM","Pool1-0005.ChrisLab.local","Pool1"
"test4","12/21/2023 4:15:59 AM","Pool1-0001.ChrisLab.local","Pool1"
"test3","12/21/2023 3:46:13 AM","Pool1-0001.ChrisLab.local","Pool1"
"test2","12/21/2023 3:15:36 AM","Pool1-0001.ChrisLab.local","Pool1"
"test5","12/21/2023 2:45:36 AM","Pool1-0005.ChrisLab.local","Pool1"
"test1","12/21/2023 2:15:36 AM","Pool1-0002.ChrisLab.local","Pool1"
"test4","12/21/2023 1:45:35 AM","Pool1-0005.ChrisLab.local","Pool1"
"test3","12/21/2023 1:15:35 AM","Pool1-0001.ChrisLab.local","Pool1"
"test2","12/21/2023 12:45:34 AM","Pool1-0005.ChrisLab.local","Pool1"
"test5","12/21/2023 12:15:33 AM","Pool1-0004.ChrisLab.local","Pool1"
"test1","12/20/2023 11:45:54 PM","Pool1-0001.ChrisLab.local","Pool1"
"test4","12/20/2023 11:15:34 PM","Pool1-0001.ChrisLab.local","Pool1"
"test3","12/20/2023 10:45:33 PM","Pool1-0005.ChrisLab.local","Pool1"
"test2","12/20/2023 10:15:31 PM","Pool1-0003.ChrisLab.local","Pool1"
"test5","12/20/2023 9:45:31 PM","Pool1-0001.ChrisLab.local","Pool1"
"test1","12/20/2023 9:15:53 PM","Pool1-0004.ChrisLab.local","Pool1"
"test4","12/20/2023 8:45:29 PM","Pool1-0004.ChrisLab.local","Pool1"
"test3","12/20/2023 8:15:29 PM","Pool1-0002.ChrisLab.local","Pool1"
"test2","12/20/2023 7:45:29 PM","Pool1-0005.ChrisLab.local","Pool1"
"test5","12/20/2023 7:15:28 PM","Pool1-0003.ChrisLab.local","Pool1"
"test1","12/20/2023 6:45:48 PM","Pool1-0005.ChrisLab.local","Pool1"
"test4","12/20/2023 6:15:26 PM","Pool1-0005.ChrisLab.local","Pool1"
"test3","12/20/2023 5:45:26 PM","Pool1-0004.ChrisLab.local","Pool1"
"test2","12/20/2023 5:16:00 PM","Pool1-0002.ChrisLab.local","Pool1"
"test5","12/20/2023 4:45:24 PM","Pool1-0002.ChrisLab.local","Pool1"
"test1","12/20/2023 4:15:24 PM","Pool1-0004.ChrisLab.local","Pool1"
"test4","12/20/2023 3:45:23 PM","Pool1-0002.ChrisLab.local","Pool1"
"test3","12/20/2023 3:15:22 PM","Pool1-0001.ChrisLab.local","Pool1"
"test2","12/20/2023 2:45:22 PM","Pool1-0005.ChrisLab.local","Pool1"
"test5","12/20/2023 2:15:25 PM","Pool1-0001.ChrisLab.local","Pool1"
"test1","12/20/2023 1:45:21 PM","Pool1-0004.ChrisLab.local","Pool1"
"test4","12/20/2023 1:15:20 PM","Pool1-0005.ChrisLab.local","Pool1"
"test3","12/20/2023 12:45:20 PM","Pool1-0002.ChrisLab.local","Pool1"
"test2","12/20/2023 12:15:20 PM","Pool1-0003.ChrisLab.local","Pool1"
"test5","12/20/2023 11:45:18 AM","Pool1-0005.ChrisLab.local","Pool1"
"test1","12/20/2023 11:15:18 AM","Pool1-0002.ChrisLab.local","Pool1"
"test4","12/20/2023 10:45:18 AM","Pool1-0005.ChrisLab.local","Pool1"
"test3","12/20/2023 10:15:18 AM","Pool1-0001.ChrisLab.local","Pool1"
"test2","12/20/2023 9:45:16 AM","Pool1-0005.ChrisLab.local","Pool1"
"test5","12/20/2023 9:15:17 AM","Pool1-0002.ChrisLab.local","Pool1"
"test1","12/20/2023 8:45:16 AM","Pool1-0001.ChrisLab.local","Pool1"
"test4","12/20/2023 8:15:15 AM","Pool1-0002.ChrisLab.local","Pool1"
"test3","12/20/2023 7:45:47 AM","Pool1-0003.ChrisLab.local","Pool1"
"test2","12/20/2023 7:15:13 AM","Pool1-0003.ChrisLab.local","Pool1"
"test5","12/20/2023 6:45:13 AM","Pool1-0001.ChrisLab.local","Pool1"
"test1","12/20/2023 6:15:13 AM","Pool1-0002.ChrisLab.local","Pool1"
"test4","12/20/2023 5:45:13 AM","Pool1-0005.ChrisLab.local","Pool1"
"test3","12/20/2023 5:15:12 AM","Pool1-0003.ChrisLab.local","Pool1"
"test2","12/20/2023 4:45:40 AM","Pool1-0002.ChrisLab.local","Pool1"
"test5","12/20/2023 4:15:10 AM","Pool1-0002.ChrisLab.local","Pool1"
"test1","12/20/2023 3:45:11 AM","Pool1-0001.ChrisLab.local","Pool1"
"test4","12/20/2023 3:15:09 AM","Pool1-0005.ChrisLab.local","Pool1"
"test3","12/20/2023 2:45:09 AM","Pool1-0001.ChrisLab.local","Pool1"
"test2","12/20/2023 2:15:08 AM","Pool1-0003.ChrisLab.local","Pool1"
"test5","12/20/2023 1:45:08 AM","Pool1-0002.ChrisLab.local","Pool1"
"test1","12/20/2023 1:15:24 AM","Pool1-0005.ChrisLab.local","Pool1"
"test4","12/20/2023 12:45:07 AM","Pool1-0005.ChrisLab.local","Pool1"
"test3","12/20/2023 12:15:35 AM","Pool1-0001.ChrisLab.local","Pool1"
"test2","12/19/2023 11:45:06 PM","Pool1-0001.ChrisLab.local","Pool1"
"test5","12/19/2023 11:15:05 PM","Pool1-0004.ChrisLab.local","Pool1"
"test1","12/19/2023 10:45:05 PM","Pool1-0003.ChrisLab.local","Pool1"
"test4","12/19/2023 10:15:33 PM","Pool1-0004.ChrisLab.local","Pool1"
"test3","12/19/2023 9:45:03 PM","Pool1-0004.ChrisLab.local","Pool1"
"test2","12/19/2023 9:15:02 PM","Pool1-0003.ChrisLab.local","Pool1"
"test5","12/19/2023 8:45:02 PM","Pool1-0001.ChrisLab.local","Pool1"
"test1","12/19/2023 8:15:02 PM","Pool1-0002.ChrisLab.local","Pool1"
"test4","12/19/2023 7:45:01 PM","Pool1-0005.ChrisLab.local","Pool1"
"test3","12/19/2023 7:15:32 PM","Pool1-0004.ChrisLab.local","Pool1"
"test2","12/19/2023 6:45:01 PM","Pool1-0004.ChrisLab.local","Pool1"
"test5","12/19/2023 6:14:59 PM","Pool1-0002.ChrisLab.local","Pool1"
"test1","12/19/2023 5:44:59 PM","Pool1-0004.ChrisLab.local","Pool1"
"test4","12/19/2023 5:15:14 PM","Pool1-0002.ChrisLab.local","Pool1"
"test3","12/19/2023 4:44:59 PM","Pool1-0002.ChrisLab.local","Pool1"
"test2","12/19/2023 4:14:59 PM","Pool1-0003.ChrisLab.local","Pool1"
"test5","12/19/2023 3:44:58 PM","Pool1-0004.ChrisLab.local","Pool1"
"test1","12/19/2023 3:14:56 PM","Pool1-0002.ChrisLab.local","Pool1"
"test4","12/19/2023 2:44:55 PM","Pool1-0001.ChrisLab.local","Pool1"
"test3","12/19/2023 2:15:21 PM","Pool1-0003.ChrisLab.local","Pool1"
"test2","12/19/2023 1:44:52 PM","Pool1-0003.ChrisLab.local","Pool1"
"test5","12/19/2023 1:14:55 PM","Pool1-0002.ChrisLab.local","Pool1"
"test1","12/19/2023 12:44:53 PM","Pool1-0001.ChrisLab.local","Pool1"
"test4","12/19/2023 12:14:50 PM","Pool1-0005.ChrisLab.local","Pool1"
"test3","12/19/2023 11:44:51 AM","Pool1-0003.ChrisLab.local","Pool1"
"test2","12/19/2023 11:14:50 AM","Pool1-0002.ChrisLab.local","Pool1"
"test5","12/19/2023 10:44:48 AM","Pool1-0004.ChrisLab.local","Pool1"
"test1","12/19/2023 10:14:50 AM","Pool1-0001.ChrisLab.local","Pool1"
"test4","12/19/2023 9:44:48 AM","Pool1-0004.ChrisLab.local","Pool1"
"test3","12/19/2023 9:14:47 AM","Pool1-0003.ChrisLab.local","Pool1"
"test2","12/19/2023 8:44:49 AM","Pool1-0001.ChrisLab.local","Pool1"
"test5","12/19/2023 8:14:46 AM","Pool1-0001.ChrisLab.local","Pool1"
"test1","12/19/2023 7:44:45 AM","Pool1-0003.ChrisLab.local","Pool1"
"test4","12/19/2023 7:14:45 AM","Pool1-0002.ChrisLab.local","Pool1"
"test3","12/19/2023 6:44:44 AM","Pool1-0005.ChrisLab.local","Pool1"
"test2","12/19/2023 6:14:42 AM","Pool1-0005.ChrisLab.local","Pool1"
"test5","12/19/2023 5:44:43 AM","Pool1-0004.ChrisLab.local","Pool1"
"test1","12/19/2023 5:14:42 AM","Pool1-0003.ChrisLab.local","Pool1"
"test4","12/19/2023 4:44:41 AM","Pool1-0002.ChrisLab.local","Pool1"
"test3","12/19/2023 4:14:40 AM","Pool1-0001.ChrisLab.local","Pool1"
"test2","12/19/2023 3:44:40 AM","Pool1-0005.ChrisLab.local","Pool1"
"test5","12/19/2023 3:14:39 AM","Pool1-0002.ChrisLab.local","Pool1"
"test1","12/19/2023 2:44:38 AM","Pool1-0001.ChrisLab.local","Pool1"
"test4","12/19/2023 2:14:38 AM","Pool1-0003.ChrisLab.local","Pool1"
"test3","12/19/2023 1:44:41 AM","Pool1-0002.ChrisLab.local","Pool1"
"test2","12/19/2023 1:14:36 AM","Pool1-0003.ChrisLab.local","Pool1"
"test5","12/19/2023 12:44:34 AM","Pool1-0003.ChrisLab.local","Pool1"
"test1","12/19/2023 12:14:35 AM","Pool1-0002.ChrisLab.local","Pool1"
"test4","12/18/2023 11:44:38 PM","Pool1-0001.ChrisLab.local","Pool1"
"test3","12/18/2023 11:14:34 PM","Pool1-0002.ChrisLab.local","Pool1"
"test2","12/18/2023 10:44:33 PM","Pool1-0004.ChrisLab.local","Pool1"
"test5","12/18/2023 10:14:32 PM","Pool1-0005.ChrisLab.local","Pool1"
"test1","12/18/2023 9:44:31 PM","Pool1-0003.ChrisLab.local","Pool1"
"test4","12/18/2023 9:14:32 PM","Pool1-0001.ChrisLab.local","Pool1"
"test3","12/18/2023 8:44:30 PM","Pool1-0003.ChrisLab.local","Pool1"
"test2","12/18/2023 8:14:30 PM","Pool1-0001.ChrisLab.local","Pool1"
"test5","12/18/2023 7:44:29 PM","Pool1-0003.ChrisLab.local","Pool1"
"test1","12/18/2023 7:14:31 PM","Pool1-0002.ChrisLab.local","Pool1"
"test4","12/18/2023 6:44:30 PM","Pool1-0002.ChrisLab.local","Pool1"
"test3","12/18/2023 6:14:28 PM","Pool1-0003.ChrisLab.local","Pool1"
"test2","12/18/2023 5:44:30 PM","Pool1-0004.ChrisLab.local","Pool1"
"test5","12/18/2023 5:14:30 PM","Pool1-0001.ChrisLab.local","Pool1"
"test1","12/18/2023 4:44:25 PM","Pool1-0001.ChrisLab.local","Pool1"
"test4","12/18/2023 4:14:24 PM","Pool1-0005.ChrisLab.local","Pool1"
"test3","12/18/2023 3:44:25 PM","Pool1-0002.ChrisLab.local","Pool1"
"test2","12/18/2023 3:14:28 PM","Pool1-0002.ChrisLab.local","Pool1"
"test5","12/18/2023 2:44:23 PM","Pool1-0005.ChrisLab.local","Pool1"
"test1","12/18/2023 2:14:22 PM","Pool1-0004.ChrisLab.local","Pool1"
"test4","12/18/2023 1:44:20 PM","Pool1-0001.ChrisLab.local","Pool1"
"test3","12/18/2023 1:14:21 PM","Pool1-0003.ChrisLab.local","Pool1"
"test2","12/18/2023 12:44:21 PM","Pool1-0002.ChrisLab.local","Pool1"
"test5","12/18/2023 12:14:19 PM","Pool1-0002.ChrisLab.local","Pool1"
"test1","12/18/2023 11:44:20 AM","Pool1-0004.ChrisLab.local","Pool1"
"test4","12/18/2023 11:14:17 AM","Pool1-0003.ChrisLab.local","Pool1"
"test3","12/18/2023 10:44:16 AM","Pool1-0003.ChrisLab.local","Pool1"
"test2","12/18/2023 10:14:19 AM","Pool1-0004.ChrisLab.local","Pool1"
"test5","12/18/2023 9:44:15 AM","Pool1-0005.ChrisLab.local","Pool1"
"test1","12/18/2023 9:14:14 AM","Pool1-0005.ChrisLab.local","Pool1"
"test4","12/18/2023 8:44:14 AM","Pool1-0004.ChrisLab.local","Pool1"
"test3","12/18/2023 8:14:14 AM","Pool1-0004.ChrisLab.local","Pool1"
"test2","12/18/2023 7:44:13 AM","Pool1-0004.ChrisLab.local","Pool1"
"test5","12/18/2023 7:14:12 AM","Pool1-0002.ChrisLab.local","Pool1"
"test1","12/18/2023 6:44:12 AM","Pool1-0001.ChrisLab.local","Pool1"
"test4","12/18/2023 6:14:11 AM","Pool1-0001.ChrisLab.local","Pool1"
"test3","12/18/2023 5:44:11 AM","Pool1-0001.ChrisLab.local","Pool1"
"test2","12/18/2023 5:14:11 AM","Pool1-0003.ChrisLab.local","Pool1"
"test5","12/18/2023 4:44:10 AM","Pool1-0001.ChrisLab.local","Pool1"
"test1","12/18/2023 4:14:09 AM","Pool1-0001.ChrisLab.local","Pool1"
"test4","12/18/2023 3:44:08 AM","Pool1-0005.ChrisLab.local","Pool1"
"test3","12/18/2023 3:14:07 AM","Pool1-0004.ChrisLab.local","Pool1"
"test2","12/18/2023 2:44:06 AM","Pool1-0005.ChrisLab.local","Pool1"
"test5","12/18/2023 2:14:05 AM","Pool1-0005.ChrisLab.local","Pool1"
"test1","12/18/2023 1:44:06 AM","Pool1-0005.ChrisLab.local","Pool1"
"test4","12/18/2023 1:14:07 AM","Pool1-0003.ChrisLab.local","Pool1"
"test3","12/18/2023 12:44:04 AM","Pool1-0004.ChrisLab.local","Pool1"
"test2","12/18/2023 12:14:05 AM","Pool1-0002.ChrisLab.local","Pool1"
"test5","12/17/2023 11:44:01 PM","Pool1-0001.ChrisLab.local","Pool1"
"test1","12/17/2023 11:14:01 PM","Pool1-0004.ChrisLab.local","Pool1"
"test4","12/17/2023 10:44:01 PM","Pool1-0003.ChrisLab.local","Pool1"
"test3","12/17/2023 10:14:00 PM","Pool1-0004.ChrisLab.local","Pool1"
"test2","12/17/2023 9:43:59 PM","Pool1-0002.ChrisLab.local","Pool1"
"test5","12/17/2023 9:13:59 PM","Pool1-0003.ChrisLab.local","Pool1"
"test1","12/17/2023 8:43:59 PM","Pool1-0004.ChrisLab.local","Pool1"
"test4","12/17/2023 8:13:58 PM","Pool1-0004.ChrisLab.local","Pool1"
"test3","12/17/2023 7:43:57 PM","Pool1-0002.ChrisLab.local","Pool1"
"test2","12/17/2023 7:13:57 PM","Pool1-0001.ChrisLab.local","Pool1"
"test5","12/17/2023 6:43:58 PM","Pool1-0003.ChrisLab.local","Pool1"
"test1","12/17/2023 6:13:56 PM","Pool1-0001.ChrisLab.local","Pool1"
"test4","12/17/2023 5:43:56 PM","Pool1-0002.ChrisLab.local","Pool1"
"test3","12/17/2023 5:13:55 PM","Pool1-0002.ChrisLab.local","Pool1"
"test2","12/17/2023 4:43:54 PM","Pool1-0004.ChrisLab.local","Pool1"
"test5","12/17/2023 4:12:52 PM","Pool1-0002.ChrisLab.local","Pool1"
"test1","12/17/2023 3:43:07 PM","Pool1-0005.ChrisLab.local","Pool1"
"test4","12/17/2023 3:12:54 PM","Pool1-0005.ChrisLab.local","Pool1"
"test3","12/17/2023 2:42:51 PM","Pool1-0002.ChrisLab.local","Pool1"
"test2","12/17/2023 2:12:49 PM","Pool1-0005.ChrisLab.local","Pool1"
"test5","12/17/2023 1:42:50 PM","Pool1-0002.ChrisLab.local","Pool1"
"test1","12/17/2023 1:12:53 PM","Pool1-0005.ChrisLab.local","Pool1"
"test4","12/17/2023 12:42:49 PM","Pool1-0003.ChrisLab.local","Pool1"
"test3","12/17/2023 12:12:47 PM","Pool1-0001.ChrisLab.local","Pool1"
"test2","12/17/2023 11:42:48 AM","Pool1-0002.ChrisLab.local","Pool1"
"test5","12/17/2023 11:12:49 AM","Pool1-0004.ChrisLab.local","Pool1"
"test1","12/17/2023 10:42:46 AM","Pool1-0003.ChrisLab.local","Pool1"
"test4","12/17/2023 10:12:46 AM","Pool1-0002.ChrisLab.local","Pool1"
"test3","12/17/2023 9:42:45 AM","Pool1-0004.ChrisLab.local","Pool1"
"test2","12/17/2023 9:12:45 AM","Pool1-0002.ChrisLab.local","Pool1"
"test5","12/17/2023 8:42:47 AM","Pool1-0004.ChrisLab.local","Pool1"
"test1","12/17/2023 8:12:48 AM","Pool1-0002.ChrisLab.local","Pool1"
"test4","12/17/2023 7:42:44 AM","Pool1-0002.ChrisLab.local","Pool1"
"test3","12/17/2023 7:12:42 AM","Pool1-0003.ChrisLab.local","Pool1"
"test2","12/17/2023 6:42:42 AM","Pool1-0005.ChrisLab.local","Pool1"
"test5","12/17/2023 6:12:42 AM","Pool1-0002.ChrisLab.local","Pool1"
"test1","12/17/2023 5:42:45 AM","Pool1-0004.ChrisLab.local","Pool1"
"test4","12/17/2023 5:12:40 AM","Pool1-0004.ChrisLab.local","Pool1"
"test3","12/17/2023 4:42:41 AM","Pool1-0003.ChrisLab.local","Pool1"
"test2","12/17/2023 4:12:39 AM","Pool1-0001.ChrisLab.local","Pool1"
"test5","12/17/2023 3:42:40 AM","Pool1-0005.ChrisLab.local","Pool1"
"test1","12/17/2023 3:12:38 AM","Pool1-0001.ChrisLab.local","Pool1"
"test4","12/17/2023 2:42:38 AM","Pool1-0005.ChrisLab.local","Pool1"
"test3","12/17/2023 2:12:37 AM","Pool1-0001.ChrisLab.local","Pool1"
"test2","12/17/2023 1:42:37 AM","Pool1-0005.ChrisLab.local","Pool1"
"test5","12/17/2023 1:12:36 AM","Pool1-0003.ChrisLab.local","Pool1"
"test1","12/17/2023 12:42:36 AM","Pool1-0001.ChrisLab.local","Pool1"
"test4","12/17/2023 12:12:38 AM","Pool1-0005.ChrisLab.local","Pool1"
"test3","12/16/2023 11:42:37 PM","Pool1-0005.ChrisLab.local","Pool1"
"test2","12/16/2023 11:12:33 PM","Pool1-0005.ChrisLab.local","Pool1"
"test5","12/16/2023 10:42:32 PM","Pool1-0002.ChrisLab.local","Pool1"
"test1","12/16/2023 10:12:35 PM","Pool1-0001.ChrisLab.local","Pool1"
"test4","12/16/2023 9:42:31 PM","Pool1-0001.ChrisLab.local","Pool1"
"test3","12/16/2023 9:12:30 PM","Pool1-0003.ChrisLab.local","Pool1"
"test2","12/16/2023 8:42:30 PM","Pool1-0002.ChrisLab.local","Pool1"
"test5","12/16/2023 8:12:29 PM","Pool1-0005.ChrisLab.local","Pool1"
"test1","12/16/2023 7:42:34 PM","Pool1-0004.ChrisLab.local","Pool1"
"test4","12/16/2023 7:12:28 PM","Pool1-0004.ChrisLab.local","Pool1"
"test3","12/16/2023 6:42:28 PM","Pool1-0003.ChrisLab.local","Pool1"
"test2","12/16/2023 6:12:27 PM","Pool1-0004.ChrisLab.local","Pool1"
"test5","12/16/2023 5:42:27 PM","Pool1-0002.ChrisLab.local","Pool1"
"test1","12/16/2023 5:12:32 PM","Pool1-0001.ChrisLab.local","Pool1"
"test4","12/16/2023 4:42:25 PM","Pool1-0001.ChrisLab.local","Pool1"
"test3","12/16/2023 4:12:24 PM","Pool1-0003.ChrisLab.local","Pool1"
"test2","12/16/2023 3:42:28 PM","Pool1-0004.ChrisLab.local","Pool1"
"test5","12/16/2023 3:12:28 PM","Pool1-0004.ChrisLab.local","Pool1"
"test1","12/16/2023 2:42:22 PM","Pool1-0005.ChrisLab.local","Pool1"
"test4","12/16/2023 2:12:23 PM","Pool1-0001.ChrisLab.local","Pool1"
"test3","12/16/2023 1:42:22 PM","Pool1-0002.ChrisLab.local","Pool1"
"test2","12/16/2023 1:12:22 PM","Pool1-0004.ChrisLab.local","Pool1"
"test5","12/16/2023 12:42:24 PM","Pool1-0005.ChrisLab.local","Pool1"
"test1","12/16/2023 12:12:20 PM","Pool1-0005.ChrisLab.local","Pool1"
"test4","12/16/2023 11:42:24 AM","Pool1-0001.ChrisLab.local","Pool1"
"test3","12/16/2023 11:12:20 AM","Pool1-0001.ChrisLab.local","Pool1"
"test2","12/16/2023 10:42:19 AM","Pool1-0004.ChrisLab.local","Pool1"
"test5","12/16/2023 10:12:18 AM","Pool1-0005.ChrisLab.local","Pool1"
"test1","12/16/2023 9:42:18 AM","Pool1-0001.ChrisLab.local","Pool1"
"test4","12/16/2023 9:12:17 AM","Pool1-0005.ChrisLab.local","Pool1"
"test3","12/16/2023 8:42:17 AM","Pool1-0003.ChrisLab.local","Pool1"
"test2","12/16/2023 8:12:16 AM","Pool1-0005.ChrisLab.local","Pool1"
"test5","12/16/2023 7:42:16 AM","Pool1-0003.ChrisLab.local","Pool1"
"test1","12/16/2023 7:12:16 AM","Pool1-0005.ChrisLab.local","Pool1"
"test4","12/16/2023 6:42:14 AM","Pool1-0004.ChrisLab.local","Pool1"
"test3","12/16/2023 6:12:14 AM","Pool1-0003.ChrisLab.local","Pool1"
"test2","12/16/2023 5:42:14 AM","Pool1-0002.ChrisLab.local","Pool1"
"test5","12/16/2023 5:12:13 AM","Pool1-0005.ChrisLab.local","Pool1"
"test1","12/16/2023 4:42:12 AM","Pool1-0002.ChrisLab.local","Pool1"
"test4","12/16/2023 4:12:13 AM","Pool1-0004.ChrisLab.local","Pool1"
"test3","12/16/2023 3:42:12 AM","Pool1-0005.ChrisLab.local","Pool1"
"test2","12/16/2023 3:12:12 AM","Pool1-0002.ChrisLab.local","Pool1"
"test5","12/16/2023 2:42:11 AM","Pool1-0003.ChrisLab.local","Pool1"
"test1","12/16/2023 2:12:10 AM","Pool1-0002.ChrisLab.local","Pool1"
"test4","12/16/2023 1:42:12 AM","Pool1-0004.ChrisLab.local","Pool1"
"test3","12/16/2023 1:12:10 AM","Pool1-0004.ChrisLab.local","Pool1"
"test2","12/16/2023 12:42:09 AM","Pool1-0001.ChrisLab.local","Pool1"
"test5","12/16/2023 12:12:08 AM","Pool1-0002.ChrisLab.local","Pool1"
"test1","12/15/2023 11:42:07 PM","Pool1-0001.ChrisLab.local","Pool1"
"test4","12/15/2023 11:12:06 PM","Pool1-0004.ChrisLab.local","Pool1"
"test3","12/15/2023 10:42:07 PM","Pool1-0002.ChrisLab.local","Pool1"
"test2","12/15/2023 10:12:08 PM","Pool1-0003.ChrisLab.local","Pool1"
"test5","12/15/2023 9:42:05 PM","Pool1-0003.ChrisLab.local","Pool1"
"test1","12/15/2023 9:12:05 PM","Pool1-0002.ChrisLab.local","Pool1"
"test4","12/15/2023 8:42:03 PM","Pool1-0003.ChrisLab.local","Pool1"
"test3","12/15/2023 8:12:04 PM","Pool1-0005.ChrisLab.local","Pool1"
"test2","12/15/2023 7:42:03 PM","Pool1-0002.ChrisLab.local","Pool1"
"test5","12/15/2023 7:12:05 PM","Pool1-0004.ChrisLab.local","Pool1"
"test1","12/15/2023 6:42:02 PM","Pool1-0004.ChrisLab.local","Pool1"
"test4","12/15/2023 6:12:01 PM","Pool1-0002.ChrisLab.local","Pool1"
"test3","12/15/2023 5:42:03 PM","Pool1-0005.ChrisLab.local","Pool1"
"test2","12/15/2023 5:12:00 PM","Pool1-0005.ChrisLab.local","Pool1"
"test5","12/15/2023 4:42:00 PM","Pool1-0001.ChrisLab.local","Pool1"
"test1","12/15/2023 4:11:58 PM","Pool1-0002.ChrisLab.local","Pool1"
"test4","12/15/2023 3:41:58 PM","Pool1-0005.ChrisLab.local","Pool1"
"test3","12/15/2023 3:12:00 PM","Pool1-0004.ChrisLab.local","Pool1"
"test2","12/15/2023 2:41:56 PM","Pool1-0001.ChrisLab.local","Pool1"
"test5","12/15/2023 2:11:58 PM","Pool1-0005.ChrisLab.local","Pool1"
"test1","12/15/2023 1:41:56 PM","Pool1-0005.ChrisLab.local","Pool1"
"test4","12/15/2023 1:11:59 PM","Pool1-0003.ChrisLab.local","Pool1"
"test3","12/15/2023 12:41:54 PM","Pool1-0002.ChrisLab.local","Pool1"
"test2","12/15/2023 12:12:08 PM","Pool1-0005.ChrisLab.local","Pool1"
"test5","12/15/2023 11:41:54 AM","Pool1-0005.ChrisLab.local","Pool1"
"test1","12/15/2023 11:11:54 AM","Pool1-0001.ChrisLab.local","Pool1"
"test4","12/15/2023 10:41:53 AM","Pool1-0005.ChrisLab.local","Pool1"
"test3","12/15/2023 10:11:52 AM","Pool1-0001.ChrisLab.local","Pool1"
"test2","12/15/2023 9:41:53 AM","Pool1-0005.ChrisLab.local","Pool1"
"test5","12/15/2023 9:11:52 AM","Pool1-0005.ChrisLab.local","Pool1"
"test1","12/15/2023 8:41:51 AM","Pool1-0005.ChrisLab.local","Pool1"
"test4","12/15/2023 8:11:50 AM","Pool1-0003.ChrisLab.local","Pool1"
"test3","12/15/2023 7:41:52 AM","Pool1-0001.ChrisLab.local","Pool1"
"test2","12/15/2023 7:11:53 AM","Pool1-0001.ChrisLab.local","Pool1"
"test5","12/15/2023 6:41:47 AM","Pool1-0005.ChrisLab.local","Pool1"
"test1","12/15/2023 6:11:49 AM","Pool1-0001.ChrisLab.local","Pool1"
"test4","12/15/2023 5:41:47 AM","Pool1-0004.ChrisLab.local","Pool1"
"test3","12/15/2023 5:11:47 AM","Pool1-0003.ChrisLab.local","Pool1"
"test2","12/15/2023 4:41:50 AM","Pool1-0005.ChrisLab.local","Pool1"
"test5","12/15/2023 4:11:49 AM","Pool1-0005.ChrisLab.local","Pool1"
"test1","12/15/2023 3:41:45 AM","Pool1-0003.ChrisLab.local","Pool1"
"test4","12/15/2023 3:11:44 AM","Pool1-0002.ChrisLab.local","Pool1"
"test3","12/15/2023 2:41:44 AM","Pool1-0004.ChrisLab.local","Pool1"
"test2","12/15/2023 2:11:43 AM","Pool1-0005.ChrisLab.local","Pool1"
"test5","12/15/2023 1:41:45 AM","Pool1-0004.ChrisLab.local","Pool1"
"test1","12/15/2023 1:11:42 AM","Pool1-0001.ChrisLab.local","Pool1"
"test4","12/15/2023 12:41:42 AM","Pool1-0003.ChrisLab.local","Pool1"
"test3","12/15/2023 12:11:42 AM","Pool1-0003.ChrisLab.local","Pool1"
"test2","12/14/2023 11:41:40 PM","Pool1-0003.ChrisLab.local","Pool1"
"test5","12/14/2023 11:11:41 PM","Pool1-0001.ChrisLab.local","Pool1"
"test1","12/14/2023 10:41:40 PM","Pool1-0004.ChrisLab.local","Pool1"
"test4","12/14/2023 10:11:38 PM","Pool1-0001.ChrisLab.local","Pool1"
"test3","12/14/2023 9:41:38 PM","Pool1-0002.ChrisLab.local","Pool1"
"test2","12/14/2023 9:11:38 PM","Pool1-0003.ChrisLab.local","Pool1"
"test5","12/14/2023 8:41:38 PM","Pool1-0001.ChrisLab.local","Pool1"
"test1","12/14/2023 8:11:38 PM","Pool1-0004.ChrisLab.local","Pool1"
"test4","12/14/2023 7:41:37 PM","Pool1-0001.ChrisLab.local","Pool1"
"test3","12/14/2023 7:11:49 PM","Pool1-0002.ChrisLab.local","Pool1"
"test2","12/14/2023 6:41:35 PM","Pool1-0002.ChrisLab.local","Pool1"
"test5","12/14/2023 6:11:34 PM","Pool1-0003.ChrisLab.local","Pool1"
"test1","12/14/2023 5:41:34 PM","Pool1-0001.ChrisLab.local","Pool1"
"test4","12/14/2023 5:11:36 PM","Pool1-0002.ChrisLab.local","Pool1"
"test3","12/14/2023 4:41:34 PM","Pool1-0002.ChrisLab.local","Pool1"
"test2","12/14/2023 4:11:32 PM","Pool1-0003.ChrisLab.local","Pool1"
"test5","12/14/2023 3:41:32 PM","Pool1-0001.ChrisLab.local","Pool1"
"test1","12/14/2023 3:11:31 PM","Pool1-0004.ChrisLab.local","Pool1"
"test4","12/14/2023 2:41:31 PM","Pool1-0002.ChrisLab.local","Pool1"
"test3","12/14/2023 2:11:34 PM","Pool1-0005.ChrisLab.local","Pool1"
"test2","12/14/2023 1:41:30 PM","Pool1-0005.ChrisLab.local","Pool1"
"test5","12/14/2023 1:11:28 PM","Pool1-0005.ChrisLab.local","Pool1"
"test1","12/14/2023 12:41:28 PM","Pool1-0001.ChrisLab.local","Pool1"
"test4","12/14/2023 12:11:28 PM","Pool1-0005.ChrisLab.local","Pool1"
"test3","12/14/2023 11:41:26 AM","Pool1-0004.ChrisLab.local","Pool1"
"test2","12/14/2023 11:11:26 AM","Pool1-0005.ChrisLab.local","Pool1"
"test5","12/14/2023 10:41:25 AM","Pool1-0004.ChrisLab.local","Pool1"
"test1","12/14/2023 10:11:24 AM","Pool1-0003.ChrisLab.local","Pool1"
"test4","12/14/2023 9:41:23 AM","Pool1-0004.ChrisLab.local","Pool1"
"test3","12/14/2023 9:11:25 AM","Pool1-0001.ChrisLab.local","Pool1"
"test2","12/14/2023 8:41:21 AM","Pool1-0004.ChrisLab.local","Pool1"
"test5","12/14/2023 8:11:21 AM","Pool1-0003.ChrisLab.local","Pool1"
"test1","12/14/2023 7:41:21 AM","Pool1-0005.ChrisLab.local","Pool1"
"test4","12/14/2023 7:11:21 AM","Pool1-0005.ChrisLab.local","Pool1"
"test3","12/14/2023 6:41:20 AM","Pool1-0003.ChrisLab.local","Pool1"
"test2","12/14/2023 6:11:19 AM","Pool1-0004.ChrisLab.local","Pool1"
"test5","12/14/2023 5:41:18 AM","Pool1-0001.ChrisLab.local","Pool1"
"test1","12/14/2023 5:11:17 AM","Pool1-0004.ChrisLab.local","Pool1"
"test4","12/14/2023 4:41:17 AM","Pool1-0002.ChrisLab.local","Pool1"
"test3","12/14/2023 4:11:16 AM","Pool1-0005.ChrisLab.local","Pool1"
"test2","12/14/2023 3:41:16 AM","Pool1-0005.ChrisLab.local","Pool1"
"test5","12/14/2023 3:11:16 AM","Pool1-0001.ChrisLab.local","Pool1"
"test1","12/14/2023 2:41:15 AM","Pool1-0005.ChrisLab.local","Pool1"
"test4","12/14/2023 2:11:15 AM","Pool1-0004.ChrisLab.local","Pool1"
"test3","12/14/2023 1:41:13 AM","Pool1-0003.ChrisLab.local","Pool1"
"test2","12/14/2023 1:11:12 AM","Pool1-0004.ChrisLab.local","Pool1"
"test5","12/14/2023 12:41:11 AM","Pool1-0005.ChrisLab.local","Pool1"
"test1","12/14/2023 12:11:12 AM","Pool1-0004.ChrisLab.local","Pool1"
"test4","12/13/2023 11:41:10 PM","Pool1-0001.ChrisLab.local","Pool1"
"test3","12/13/2023 11:11:10 PM","Pool1-0003.ChrisLab.local","Pool1"
"test2","12/13/2023 10:41:10 PM","Pool1-0001.ChrisLab.local","Pool1"
"test5","12/13/2023 10:11:07 PM","Pool1-0003.ChrisLab.local","Pool1"
"test1","12/13/2023 9:41:10 PM","Pool1-0002.ChrisLab.local","Pool1"
"test4","12/13/2023 9:11:11 PM","Pool1-0005.ChrisLab.local","Pool1"
"test3","12/13/2023 8:41:05 PM","Pool1-0003.ChrisLab.local","Pool1"
"test2","12/13/2023 8:11:05 PM","Pool1-0002.ChrisLab.local","Pool1"
"test5","12/13/2023 7:41:04 PM","Pool1-0001.ChrisLab.local","Pool1"
"test1","12/13/2023 7:11:07 PM","Pool1-0003.ChrisLab.local","Pool1"
"test4","12/13/2023 6:41:03 PM","Pool1-0005.ChrisLab.local","Pool1"
"test3","12/13/2023 6:11:05 PM","Pool1-0001.ChrisLab.local","Pool1"
"test2","12/13/2023 5:41:02 PM","Pool1-0002.ChrisLab.local","Pool1"
"test5","12/13/2023 5:11:02 PM","Pool1-0004.ChrisLab.local","Pool1"
"test4","12/13/2023 4:11:00 PM","Pool1-0003.ChrisLab.local","Pool1"
"test3","12/13/2023 3:40:59 PM","Pool1-0005.ChrisLab.local","Pool1"
"test2","12/13/2023 3:10:59 PM","Pool1-0003.ChrisLab.local","Pool1"
"test5","12/13/2023 2:40:58 PM","Pool1-0004.ChrisLab.local","Pool1"
"test1","12/13/2023 2:10:58 PM","Pool1-0001.ChrisLab.local","Pool1"
"test4","12/13/2023 1:40:57 PM","Pool1-0001.ChrisLab.local","Pool1"
"test3","12/13/2023 1:11:01 PM","Pool1-0004.ChrisLab.local","Pool1"
"test2","12/13/2023 12:40:56 PM","Pool1-0005.ChrisLab.local","Pool1"
"test5","12/13/2023 12:10:56 PM","Pool1-0003.ChrisLab.local","Pool1"
"test1","12/13/2023 11:40:56 AM","Pool1-0003.ChrisLab.local","Pool1"
"test4","12/13/2023 11:10:55 AM","Pool1-0004.ChrisLab.local","Pool1"
"test3","12/13/2023 10:40:54 AM","Pool1-0004.ChrisLab.local","Pool1"
"test2","12/13/2023 10:10:56 AM","Pool1-0002.ChrisLab.local","Pool1"
"test5","12/13/2023 9:40:55 AM","Pool1-0005.ChrisLab.local","Pool1"
"test1","12/13/2023 9:10:53 AM","Pool1-0005.ChrisLab.local","Pool1"
"test4","12/13/2023 8:40:51 AM","Pool1-0004.ChrisLab.local","Pool1"
"test3","12/13/2023 8:10:50 AM","Pool1-0002.ChrisLab.local","Pool1"
"test2","12/13/2023 7:40:52 AM","Pool1-0002.ChrisLab.local","Pool1"
"test5","12/13/2023 7:10:50 AM","Pool1-0004.ChrisLab.local","Pool1"
"test1","12/13/2023 6:40:50 AM","Pool1-0001.ChrisLab.local","Pool1"
"test4","12/13/2023 6:10:48 AM","Pool1-0003.ChrisLab.local","Pool1"
"test3","12/13/2023 5:40:50 AM","Pool1-0002.ChrisLab.local","Pool1"
"test2","12/13/2023 5:10:47 AM","Pool1-0004.ChrisLab.local","Pool1"
"test5","12/13/2023 4:40:47 AM","Pool1-0004.ChrisLab.local","Pool1"
"test1","12/13/2023 4:10:46 AM","Pool1-0003.ChrisLab.local","Pool1"
"test4","12/13/2023 3:40:44 AM","Pool1-0003.ChrisLab.local","Pool1"
"test3","12/13/2023 3:10:44 AM","Pool1-0001.ChrisLab.local","Pool1"
"test2","12/13/2023 2:40:44 AM","Pool1-0002.ChrisLab.local","Pool1"
"test5","12/13/2023 2:10:43 AM","Pool1-0005.ChrisLab.local","Pool1"
"test1","12/13/2023 1:40:43 AM","Pool1-0002.ChrisLab.local","Pool1"
"test4","12/13/2023 1:10:43 AM","Pool1-0003.ChrisLab.local","Pool1"
"test3","12/13/2023 12:40:42 AM","Pool1-0005.ChrisLab.local","Pool1"
"test2","12/13/2023 12:10:40 AM","Pool1-0005.ChrisLab.local","Pool1"
"test5","12/12/2023 11:40:39 PM","Pool1-0003.ChrisLab.local","Pool1"
"test1","12/12/2023 11:10:38 PM","Pool1-0002.ChrisLab.local","Pool1"
"test4","12/12/2023 10:40:38 PM","Pool1-0005.ChrisLab.local","Pool1"
"test3","12/12/2023 10:10:36 PM","Pool1-0004.ChrisLab.local","Pool1"
"test2","12/12/2023 9:40:40 PM","Pool1-0005.ChrisLab.local","Pool1"
"test5","12/12/2023 9:10:35 PM","Pool1-0005.ChrisLab.local","Pool1"
"test1","12/12/2023 8:40:36 PM","Pool1-0003.ChrisLab.local","Pool1"
"test4","12/12/2023 8:10:36 PM","Pool1-0005.ChrisLab.local","Pool1"
"test3","12/12/2023 7:40:39 PM","Pool1-0001.ChrisLab.local","Pool1"
"test2","12/12/2023 7:10:35 PM","Pool1-0001.ChrisLab.local","Pool1"
"test5","12/12/2023 6:40:36 PM","Pool1-0003.ChrisLab.local","Pool1"
"test1","12/12/2023 6:10:36 PM","Pool1-0002.ChrisLab.local","Pool1"
"test4","12/12/2023 5:40:34 PM","Pool1-0002.ChrisLab.local","Pool1"
"test3","12/12/2023 5:10:32 PM","Pool1-0001.ChrisLab.local","Pool1"
"test2","12/12/2023 4:40:32 PM","Pool1-0003.ChrisLab.local","Pool1"
"test5","12/12/2023 4:10:35 PM","Pool1-0004.ChrisLab.local","Pool1"
"test1","12/12/2023 3:40:31 PM","Pool1-0004.ChrisLab.local","Pool1"
"test4","12/12/2023 3:10:29 PM","Pool1-0003.ChrisLab.local","Pool1"
"test3","12/12/2023 2:40:32 PM","Pool1-0005.ChrisLab.local","Pool1"
"test2","12/12/2023 2:10:29 PM","Pool1-0005.ChrisLab.local","Pool1"
"test5","12/12/2023 1:40:29 PM","Pool1-0004.ChrisLab.local","Pool1"
"test1","12/12/2023 1:10:27 PM","Pool1-0002.ChrisLab.local","Pool1"
"test4","12/12/2023 12:40:27 PM","Pool1-0005.ChrisLab.local","Pool1"
"test3","12/12/2023 12:10:29 PM","Pool1-0004.ChrisLab.local","Pool1"
"test2","12/12/2023 11:40:25 AM","Pool1-0002.ChrisLab.local","Pool1"
"test5","12/12/2023 11:10:25 AM","Pool1-0003.ChrisLab.local","Pool1"
"test1","12/12/2023 10:40:24 AM","Pool1-0005.ChrisLab.local","Pool1"
"test4","12/12/2023 10:10:23 AM","Pool1-0001.ChrisLab.local","Pool1"
"test3","12/12/2023 9:40:23 AM","Pool1-0005.ChrisLab.local","Pool1"
"test2","12/12/2023 9:10:26 AM","Pool1-0004.ChrisLab.local","Pool1"
"test5","12/12/2023 8:40:21 AM","Pool1-0004.ChrisLab.local","Pool1"
"test1","12/12/2023 8:10:24 AM","Pool1-0001.ChrisLab.local","Pool1"
"test4","12/12/2023 7:40:22 AM","Pool1-0001.ChrisLab.local","Pool1"
"test3","12/12/2023 7:10:19 AM","Pool1-0001.ChrisLab.local","Pool1"
"test2","12/12/2023 6:40:19 AM","Pool1-0005.ChrisLab.local","Pool1"
"test5","12/12/2023 6:10:21 AM","Pool1-0001.ChrisLab.local","Pool1"
"test1","12/12/2023 5:40:18 AM","Pool1-0001.ChrisLab.local","Pool1"
"test4","12/12/2023 5:10:17 AM","Pool1-0004.ChrisLab.local","Pool1"
"test3","12/12/2023 4:40:16 AM","Pool1-0005.ChrisLab.local","Pool1"
"test2","12/12/2023 4:10:17 AM","Pool1-0004.ChrisLab.local","Pool1"
"test5","12/12/2023 3:40:17 AM","Pool1-0003.ChrisLab.local","Pool1"
"test1","12/12/2023 3:10:15 AM","Pool1-0005.ChrisLab.local","Pool1"
"test4","12/12/2023 2:40:15 AM","Pool1-0003.ChrisLab.local","Pool1"
"test3","12/12/2023 2:10:17 AM","Pool1-0001.ChrisLab.local","Pool1"
"test2","12/12/2023 1:40:13 AM","Pool1-0001.ChrisLab.local","Pool1"
"test5","12/12/2023 1:10:12 AM","Pool1-0003.ChrisLab.local","Pool1"
"test1","12/12/2023 12:40:14 AM","Pool1-0004.ChrisLab.local","Pool1"
"test4","12/12/2023 12:10:10 AM","Pool1-0004.ChrisLab.local","Pool1"
"test3","12/11/2023 11:40:10 PM","Pool1-0002.ChrisLab.local","Pool1"
"test2","12/11/2023 11:10:09 PM","Pool1-0001.ChrisLab.local","Pool1"
"test5","12/11/2023 10:40:08 PM","Pool1-0005.ChrisLab.local","Pool1"
"test1","12/11/2023 10:10:10 PM","Pool1-0003.ChrisLab.local","Pool1"
"test4","12/11/2023 9:40:09 PM","Pool1-0003.ChrisLab.local","Pool1"
"test3","12/11/2023 9:10:08 PM","Pool1-0001.ChrisLab.local","Pool1"
"test2","12/11/2023 8:40:07 PM","Pool1-0002.ChrisLab.local","Pool1"
"test5","12/11/2023 8:10:06 PM","Pool1-0005.ChrisLab.local","Pool1"
"test1","12/11/2023 7:40:04 PM","Pool1-0004.ChrisLab.local","Pool1"
"test4","12/11/2023 7:10:08 PM","Pool1-0002.ChrisLab.local","Pool1"
"test3","12/11/2023 6:40:06 PM","Pool1-0003.ChrisLab.local","Pool1"
"test2","12/11/2023 6:10:03 PM","Pool1-0003.ChrisLab.local","Pool1"
"test5","12/11/2023 5:40:02 PM","Pool1-0001.ChrisLab.local","Pool1"
"test1","12/11/2023 5:10:05 PM","Pool1-0003.ChrisLab.local","Pool1"
"test4","12/11/2023 4:40:00 PM","Pool1-0005.ChrisLab.local","Pool1"
"test3","12/11/2023 4:10:00 PM","Pool1-0002.ChrisLab.local","Pool1"
"test2","12/11/2023 3:39:59 PM","Pool1-0001.ChrisLab.local","Pool1"
"test5","12/11/2023 3:09:58 PM","Pool1-0004.ChrisLab.local","Pool1"
"test1","12/11/2023 2:40:00 PM","Pool1-0005.ChrisLab.local","Pool1"
"test4","12/11/2023 2:09:59 PM","Pool1-0005.ChrisLab.local","Pool1"
"test3","12/11/2023 1:39:58 PM","Pool1-0005.ChrisLab.local","Pool1"
"test2","12/11/2023 1:10:03 PM","Pool1-0002.ChrisLab.local","Pool1"
"test5","12/11/2023 12:39:58 PM","Pool1-0002.ChrisLab.local","Pool1"
"test1","12/11/2023 12:09:56 PM","Pool1-0005.ChrisLab.local","Pool1"
"test4","12/11/2023 11:39:56 AM","Pool1-0002.ChrisLab.local","Pool1"
"test3","12/11/2023 11:09:57 AM","Pool1-0002.ChrisLab.local","Pool1"
"test2","12/11/2023 10:39:54 AM","Pool1-0002.ChrisLab.local","Pool1"
"test5","12/11/2023 10:09:54 AM","Pool1-0005.ChrisLab.local","Pool1"
"test1","12/11/2023 9:39:53 AM","Pool1-0003.ChrisLab.local","Pool1"
"test4","12/11/2023 9:09:53 AM","Pool1-0001.ChrisLab.local","Pool1"
"test3","12/11/2023 8:39:51 AM","Pool1-0001.ChrisLab.local","Pool1"
"test2","12/11/2023 8:09:53 AM","Pool1-0004.ChrisLab.local","Pool1"
"test5","12/11/2023 7:39:51 AM","Pool1-0004.ChrisLab.local","Pool1"
"test1","12/11/2023 7:09:51 AM","Pool1-0002.ChrisLab.local","Pool1"
"test4","12/11/2023 6:39:50 AM","Pool1-0003.ChrisLab.local","Pool1"
"test3","12/11/2023 6:09:49 AM","Pool1-0001.ChrisLab.local","Pool1"
"test2","12/11/2023 5:39:49 AM","Pool1-0005.ChrisLab.local","Pool1"
"test5","12/11/2023 5:09:52 AM","Pool1-0003.ChrisLab.local","Pool1"
"test1","12/11/2023 4:39:47 AM","Pool1-0005.ChrisLab.local","Pool1"
"test4","12/11/2023 4:09:47 AM","Pool1-0002.ChrisLab.local","Pool1"
"test3","12/11/2023 3:39:45 AM","Pool1-0005.ChrisLab.local","Pool1"
"test2","12/11/2023 3:09:46 AM","Pool1-0004.ChrisLab.local","Pool1"
"test5","12/11/2023 2:39:45 AM","Pool1-0001.ChrisLab.local","Pool1"
"test1","12/11/2023 2:09:44 AM","Pool1-0005.ChrisLab.local","Pool1"
"test4","12/11/2023 1:39:43 AM","Pool1-0004.ChrisLab.local","Pool1"
"test3","12/11/2023 1:09:44 AM","Pool1-0003.ChrisLab.local","Pool1"
"test2","12/11/2023 12:39:42 AM","Pool1-0002.ChrisLab.local","Pool1"
"test5","12/11/2023 12:09:42 AM","Pool1-0005.ChrisLab.local","Pool1"
"test1","12/10/2023 11:39:43 PM","Pool1-0004.ChrisLab.local","Pool1"
"test4","12/10/2023 11:09:41 PM","Pool1-0004.ChrisLab.local","Pool1"
"test3","12/10/2023 10:39:42 PM","Pool1-0002.ChrisLab.local","Pool1"
"test2","12/10/2023 10:09:40 PM","Pool1-0002.ChrisLab.local","Pool1"
"test5","12/10/2023 9:39:39 PM","Pool1-0001.ChrisLab.local","Pool1"
"test1","12/10/2023 9:09:39 PM","Pool1-0005.ChrisLab.local","Pool1"
"test4","12/10/2023 8:39:38 PM","Pool1-0005.ChrisLab.local","Pool1"
"test3","12/10/2023 8:09:38 PM","Pool1-0004.ChrisLab.local","Pool1"
"test2","12/10/2023 7:39:37 PM","Pool1-0001.ChrisLab.local","Pool1"
"test5","12/10/2023 7:09:37 PM","Pool1-0002.ChrisLab.local","Pool1"
"test1","12/10/2023 6:39:35 PM","Pool1-0001.ChrisLab.local","Pool1"
"test4","12/10/2023 6:09:36 PM","Pool1-0005.ChrisLab.local","Pool1"
"test3","12/10/2023 5:39:35 PM","Pool1-0005.ChrisLab.local","Pool1"
"test2","12/10/2023 5:09:35 PM","Pool1-0004.ChrisLab.local","Pool1"
"test5","12/10/2023 4:39:34 PM","Pool1-0004.ChrisLab.local","Pool1"
"test1","12/10/2023 4:09:33 PM","Pool1-0002.ChrisLab.local","Pool1"
"test4","12/10/2023 3:39:31 PM","Pool1-0004.ChrisLab.local","Pool1"
"test3","12/10/2023 3:09:36 PM","Pool1-0001.ChrisLab.local","Pool1"
"test2","12/10/2023 2:39:31 PM","Pool1-0001.ChrisLab.local","Pool1"
"test5","12/10/2023 2:09:31 PM","Pool1-0005.ChrisLab.local","Pool1"
"test1","12/10/2023 1:39:30 PM","Pool1-0005.ChrisLab.local","Pool1"
"test4","12/10/2023 1:09:29 PM","Pool1-0005.ChrisLab.local","Pool1"
"test3","12/10/2023 12:39:28 PM","Pool1-0004.ChrisLab.local","Pool1"
"test2","12/10/2023 12:09:27 PM","Pool1-0002.ChrisLab.local","Pool1"
"test5","12/10/2023 11:39:27 AM","Pool1-0001.ChrisLab.local","Pool1"
"chris","12/10/2023 11:20:17 AM","Pool1-0003.ChrisLab.local","Pool1"
"test1","12/10/2023 11:09:25 AM","Pool1-0002.ChrisLab.local","Pool1"
"test4","12/10/2023 10:39:23 AM","Pool1-0003.ChrisLab.local","Pool1"
"test3","12/10/2023 10:09:25 AM","Pool1-0001.ChrisLab.local","Pool1"
"test2","12/10/2023 9:39:23 AM","Pool1-0005.ChrisLab.local","Pool1"
"test5","12/10/2023 9:09:22 AM","Pool1-0005.ChrisLab.local","Pool1"
"test1","12/10/2023 8:39:23 AM","Pool1-0002.ChrisLab.local","Pool1"
"test4","12/10/2023 8:09:21 AM","Pool1-0002.ChrisLab.local","Pool1"
"test3","12/10/2023 7:39:20 AM","Pool1-0005.ChrisLab.local","Pool1"
"test2","12/10/2023 7:09:20 AM","Pool1-0003.ChrisLab.local","Pool1"
"test5","12/10/2023 6:39:21 AM","Pool1-0001.ChrisLab.local","Pool1"
"test1","12/10/2023 6:09:18 AM","Pool1-0002.ChrisLab.local","Pool1"
"test4","12/10/2023 5:39:19 AM","Pool1-0005.ChrisLab.local","Pool1"
"test3","12/10/2023 5:09:16 AM","Pool1-0002.ChrisLab.local","Pool1"
"test2","12/10/2023 4:39:16 AM","Pool1-0003.ChrisLab.local","Pool1"
"test5","12/10/2023 4:09:17 AM","Pool1-0002.ChrisLab.local","Pool1"
"test1","12/10/2023 3:39:17 AM","Pool1-0002.ChrisLab.local","Pool1"
"test4","12/10/2023 3:09:15 AM","Pool1-0002.ChrisLab.local","Pool1"
"test3","12/10/2023 2:39:15 AM","Pool1-0001.ChrisLab.local","Pool1"
"test2","12/10/2023 2:09:13 AM","Pool1-0004.ChrisLab.local","Pool1"
"test5","12/10/2023 1:39:13 AM","Pool1-0005.ChrisLab.local","Pool1"
"test1","12/10/2023 1:09:13 AM","Pool1-0005.ChrisLab.local","Pool1"
"test4","12/10/2023 12:39:12 AM","Pool1-0003.ChrisLab.local","Pool1"
"test3","12/10/2023 12:09:13 AM","Pool1-0001.ChrisLab.local","Pool1"
"test2","12/9/2023 11:39:12 PM","Pool1-0003.ChrisLab.local","Pool1"
"test5","12/9/2023 11:09:11 PM","Pool1-0003.ChrisLab.local","Pool1"
"test1","12/9/2023 10:39:10 PM","Pool1-0003.ChrisLab.local","Pool1"
"test4","12/9/2023 10:09:10 PM","Pool1-0002.ChrisLab.local","Pool1"
"test3","12/9/2023 9:39:09 PM","Pool1-0005.ChrisLab.local","Pool1"
"test2","12/9/2023 9:09:09 PM","Pool1-0003.ChrisLab.local","Pool1"
"test5","12/9/2023 8:39:08 PM","Pool1-0002.ChrisLab.local","Pool1"
"test1","12/9/2023 8:09:07 PM","Pool1-0004.ChrisLab.local","Pool1"
"test4","12/9/2023 7:39:07 PM","Pool1-0004.ChrisLab.local","Pool1"
"test3","12/9/2023 7:09:08 PM","Pool1-0003.ChrisLab.local","Pool1"
"test2","12/9/2023 6:39:06 PM","Pool1-0004.ChrisLab.local","Pool1"
"test5","12/9/2023 6:09:04 PM","Pool1-0004.ChrisLab.local","Pool1"
"test1","12/9/2023 5:39:09 PM","Pool1-0001.ChrisLab.local","Pool1"
"test4","12/9/2023 5:09:06 PM","Pool1-0004.ChrisLab.local","Pool1"
"test3","12/9/2023 4:39:05 PM","Pool1-0002.ChrisLab.local","Pool1"
"test2","12/9/2023 4:09:02 PM","Pool1-0002.ChrisLab.local","Pool1"
"test5","12/9/2023 3:39:01 PM","Pool1-0003.ChrisLab.local","Pool1"
"test1","12/9/2023 3:09:01 PM","Pool1-0002.ChrisLab.local","Pool1"
"test4","12/9/2023 2:39:00 PM","Pool1-0005.ChrisLab.local","Pool1"
"test3","12/9/2023 2:09:01 PM","Pool1-0004.ChrisLab.local","Pool1"
"test2","12/9/2023 1:38:59 PM","Pool1-0002.ChrisLab.local","Pool1"
"test5","12/9/2023 1:09:02 PM","Pool1-0003.ChrisLab.local","Pool1"
"test1","12/9/2023 12:38:58 PM","Pool1-0001.ChrisLab.local","Pool1"
"test4","12/9/2023 12:08:57 PM","Pool1-0002.ChrisLab.local","Pool1"
"test3","12/9/2023 11:38:57 AM","Pool1-0004.ChrisLab.local","Pool1"
"test2","12/9/2023 11:08:56 AM","Pool1-0004.ChrisLab.local","Pool1"
"test5","12/9/2023 10:38:56 AM","Pool1-0001.ChrisLab.local","Pool1"
"test1","12/9/2023 10:08:55 AM","Pool1-0001.ChrisLab.local","Pool1"
"test4","12/9/2023 9:38:58 AM","Pool1-0002.ChrisLab.local","Pool1"
"test3","12/9/2023 9:08:53 AM","Pool1-0002.ChrisLab.local","Pool1"
"test2","12/9/2023 8:38:52 AM","Pool1-0001.ChrisLab.local","Pool1"
"test5","12/9/2023 8:08:54 AM","Pool1-0001.ChrisLab.local","Pool1"
"test1","12/9/2023 7:38:52 AM","Pool1-0004.ChrisLab.local","Pool1"
"test4","12/9/2023 7:08:51 AM","Pool1-0005.ChrisLab.local","Pool1"
"test3","12/9/2023 6:38:50 AM","Pool1-0004.ChrisLab.local","Pool1"
"test2","12/9/2023 6:08:49 AM","Pool1-0003.ChrisLab.local","Pool1"
"test5","12/9/2023 5:38:49 AM","Pool1-0005.ChrisLab.local","Pool1"
"test1","12/9/2023 5:08:51 AM","Pool1-0004.ChrisLab.local","Pool1"
"test4","12/9/2023 4:38:51 AM","Pool1-0005.ChrisLab.local","Pool1"
"test3","12/9/2023 4:08:47 AM","Pool1-0001.ChrisLab.local","Pool1"
"test2","12/9/2023 3:38:46 AM","Pool1-0003.ChrisLab.local","Pool1"
"test5","12/9/2023 3:08:46 AM","Pool1-0005.ChrisLab.local","Pool1"
"test1","12/9/2023 2:38:45 AM","Pool1-0004.ChrisLab.local","Pool1"
"test4","12/9/2023 2:08:45 AM","Pool1-0004.ChrisLab.local","Pool1"
"test3","12/9/2023 1:38:42 AM","Pool1-0002.ChrisLab.local","Pool1"
"test2","12/9/2023 1:08:42 AM","Pool1-0003.ChrisLab.local","Pool1"
"test5","12/9/2023 12:38:54 AM","Pool1-0001.ChrisLab.local","Pool1"
"test1","12/9/2023 12:08:40 AM","Pool1-0001.ChrisLab.local","Pool1"
"test4","12/8/2023 11:38:40 PM","Pool1-0003.ChrisLab.local","Pool1"
"test3","12/8/2023 11:08:39 PM","Pool1-0001.ChrisLab.local","Pool1"
"test2","12/8/2023 10:38:42 PM","Pool1-0001.ChrisLab.local","Pool1"
"test5","12/8/2023 10:08:35 PM","Pool1-0001.ChrisLab.local","Pool1"
"test1","12/8/2023 9:38:37 PM","Pool1-0002.ChrisLab.local","Pool1"
"test4","12/8/2023 9:08:37 PM","Pool1-0002.ChrisLab.local","Pool1"
"test3","12/8/2023 8:38:37 PM","Pool1-0005.ChrisLab.local","Pool1"
"test2","12/8/2023 8:08:34 PM","Pool1-0002.ChrisLab.local","Pool1"
"test5","12/8/2023 7:38:53 PM","Pool1-0003.ChrisLab.local","Pool1"
"test1","12/8/2023 7:09:59 PM","Pool1-0005.ChrisLab.local","Pool1"
"test4","12/8/2023 6:39:57 PM","Pool1-0004.ChrisLab.local","Pool1"
"test3","12/8/2023 6:09:58 PM","Pool1-0002.ChrisLab.local","Pool1"
"test2","12/8/2023 5:39:57 PM","Pool1-0001.ChrisLab.local","Pool1"
"test5","12/8/2023 5:09:56 PM","Pool1-0005.ChrisLab.local","Pool1"
"test1","12/8/2023 4:39:57 PM","Pool1-0003.ChrisLab.local","Pool1"
"test4","12/8/2023 4:09:53 PM","Pool1-0003.ChrisLab.local","Pool1"
"test3","12/8/2023 3:39:54 PM","Pool1-0001.ChrisLab.local","Pool1"
"test2","12/8/2023 3:09:56 PM","Pool1-0003.ChrisLab.local","Pool1"
"test5","12/8/2023 2:39:52 PM","Pool1-0002.ChrisLab.local","Pool1"
"test1","12/8/2023 2:09:53 PM","Pool1-0004.ChrisLab.local","Pool1"
"test4","12/8/2023 1:39:51 PM","Pool1-0004.ChrisLab.local","Pool1"
"test3","12/8/2023 1:09:51 PM","Pool1-0003.ChrisLab.local","Pool1"
"test2","12/8/2023 12:39:50 PM","Pool1-0004.ChrisLab.local","Pool1"
"test5","12/8/2023 12:09:50 PM","Pool1-0002.ChrisLab.local","Pool1"
"test1","12/8/2023 11:39:49 AM","Pool1-0002.ChrisLab.local","Pool1"
"test4","12/8/2023 11:09:48 AM","Pool1-0004.ChrisLab.local","Pool1"
"test3","12/8/2023 10:39:49 AM","Pool1-0002.ChrisLab.local","Pool1"
"test2","12/8/2023 10:09:47 AM","Pool1-0002.ChrisLab.local","Pool1"
"test5","12/8/2023 9:39:48 AM","Pool1-0004.ChrisLab.local","Pool1"
"test1","12/8/2023 9:09:45 AM","Pool1-0005.ChrisLab.local","Pool1"
"test4","12/8/2023 8:39:56 AM","Pool1-0003.ChrisLab.local","Pool1"
"test3","12/8/2023 8:09:47 AM","Pool1-0001.ChrisLab.local","Pool1"
"test2","12/8/2023 7:39:45 AM","Pool1-0001.ChrisLab.local","Pool1"
"test5","12/8/2023 7:09:43 AM","Pool1-0004.ChrisLab.local","Pool1"
"test1","12/8/2023 6:39:43 AM","Pool1-0003.ChrisLab.local","Pool1"
"test4","12/8/2023 6:09:43 AM","Pool1-0002.ChrisLab.local","Pool1"
"test3","12/8/2023 5:39:42 AM","Pool1-0001.ChrisLab.local","Pool1"
"test2","12/8/2023 5:09:43 AM","Pool1-0005.ChrisLab.local","Pool1"
"test5","12/8/2023 4:39:42 AM","Pool1-0001.ChrisLab.local","Pool1"
"test1","12/8/2023 4:09:41 AM","Pool1-0004.ChrisLab.local","Pool1"
"test4","12/8/2023 3:39:40 AM","Pool1-0004.ChrisLab.local","Pool1"
"test3","12/8/2023 3:09:38 AM","Pool1-0004.ChrisLab.local","Pool1"
"test2","12/8/2023 2:39:39 AM","Pool1-0003.ChrisLab.local","Pool1"
"test5","12/8/2023 2:09:38 AM","Pool1-0001.ChrisLab.local","Pool1"
"test1","12/8/2023 1:39:37 AM","Pool1-0005.ChrisLab.local","Pool1"
"test4","12/8/2023 1:09:37 AM","Pool1-0001.ChrisLab.local","Pool1"
"test3","12/8/2023 12:39:37 AM","Pool1-0005.ChrisLab.local","Pool1"
"test2","12/8/2023 12:09:36 AM","Pool1-0005.ChrisLab.local","Pool1"
"test5","12/7/2023 11:39:35 PM","Pool1-0004.ChrisLab.local","Pool1"
"test1","12/7/2023 11:09:35 PM","Pool1-0003.ChrisLab.local","Pool1"
"test4","12/7/2023 10:39:33 PM","Pool1-0003.ChrisLab.local","Pool1"
"test3","12/7/2023 10:09:32 PM","Pool1-0002.ChrisLab.local","Pool1"
"test2","12/7/2023 9:39:32 PM","Pool1-0001.ChrisLab.local","Pool1"
"test5","12/7/2023 9:09:31 PM","Pool1-0002.ChrisLab.local","Pool1"
"test1","12/7/2023 8:39:32 PM","Pool1-0003.ChrisLab.local","Pool1"
"test4","12/7/2023 8:09:31 PM","Pool1-0004.ChrisLab.local","Pool1"
"test3","12/7/2023 7:39:30 PM","Pool1-0004.ChrisLab.local","Pool1"
"test2","12/7/2023 7:09:30 PM","Pool1-0004.ChrisLab.local","Pool1"
"test5","12/7/2023 6:39:26 PM","Pool1-0002.ChrisLab.local","Pool1"
"test1","12/7/2023 6:09:26 PM","Pool1-0001.ChrisLab.local","Pool1"
"test4","12/7/2023 5:39:28 PM","Pool1-0002.ChrisLab.local","Pool1"
"test3","12/7/2023 5:09:30 PM","Pool1-0001.ChrisLab.local","Pool1"
"test2","12/7/2023 4:39:26 PM","Pool1-0002.ChrisLab.local","Pool1"
"test5","12/7/2023 4:09:25 PM","Pool1-0002.ChrisLab.local","Pool1"
"test1","12/7/2023 3:39:24 PM","Pool1-0001.ChrisLab.local","Pool1"
"test4","12/7/2023 3:09:26 PM","Pool1-0001.ChrisLab.local","Pool1"
"test3","12/7/2023 2:39:24 PM","Pool1-0003.ChrisLab.local","Pool1"
"test2","12/7/2023 2:09:54 PM","Pool1-0004.ChrisLab.local","Pool1"
"chris","12/7/2023 2:08:37 PM","Pool1-0005.ChrisLab.local","Pool1"
"chris","12/7/2023 2:00:40 PM","Pool1-0004.ChrisLab.local","Pool1"
"chris","12/7/2023 1:49:16 PM","Pool1-0005.ChrisLab.local","Pool1"
"chris","12/7/2023 1:40:32 PM","Pool1-0005.ChrisLab.local","Pool1"
"test5","12/7/2023 1:39:36 PM","Pool1-0002.ChrisLab.local","Pool1"
"chris","12/7/2023 1:28:47 PM","Pool1-0002.ChrisLab.local","Pool1"
"chris","12/7/2023 1:25:06 PM","Pool1-0001.ChrisLab.local","Pool1"
"test1","12/7/2023 1:21:53 PM","Pool1-0004.ChrisLab.local","Pool1"
"test1","12/7/2023 1:09:24 PM","Pool1-0003.ChrisLab.local","Pool1"
"chris","12/7/2023 12:34:08 PM","Pool1-0002.ChrisLab.local","Pool1"
